"block","row","col","pop","mf","rep","bud.date","flower.date","fruit.date","last.FR.date","last.FL.date","death.date","Notes","planting_date","bud.date_dt","flower.date_dt","fruit.date_dt","last.FR.date_dt","last.FL.date_dt","death.date_dt"
"D1",1,"A","buffer",NA,NA,NA,NA,NA,NA,NA,NA,NA,2022-11-27,NA,NA,NA,NA,NA,NA
"D1",1,"B","buffer",NA,NA,NA,NA,NA,NA,NA,NA,NA,2022-11-27,NA,NA,NA,NA,NA,NA
"D1",2,"A","buffer",NA,NA,NA,NA,NA,NA,NA,NA,NA,2022-11-27,NA,NA,NA,NA,NA,NA
"D1",2,"B","buffer",NA,NA,NA,NA,NA,NA,NA,NA,NA,2022-11-27,NA,NA,NA,NA,NA,NA
"D1",3,"A","WL2",4,11,NA,NA,NA,NA,NA,2023-04-24,NA,2022-11-27,NA,NA,NA,NA,NA,148
"D1",3,"B","CP2",10,4,NA,NA,NA,NA,NA,2023-01-27,NA,2022-11-27,NA,NA,NA,NA,NA,61
"D1",4,"A","YO11",4,10,NA,NA,NA,NA,NA,2023-01-12,NA,2022-11-27,NA,NA,NA,NA,NA,46
"D1",4,"B","CC",5,12,NA,NA,NA,NA,NA,2023-02-10,NA,2022-11-27,NA,NA,NA,NA,NA,75
"D1",5,"A","FR",3,6,NA,NA,NA,NA,NA,2023-02-24,NA,2022-11-27,NA,NA,NA,NA,NA,89
"D1",5,"B","BH",5,24,NA,NA,NA,NA,NA,2023-03-03,NA,2022-11-27,NA,NA,NA,NA,NA,96
"D1",6,"A","IH",6,12,NA,NA,NA,NA,NA,2023-03-03,NA,2022-11-27,NA,NA,NA,NA,NA,96
"D1",6,"B","CC",3,10,NA,NA,NA,NA,NA,2023-03-03,NA,2022-11-27,NA,NA,NA,NA,NA,96
"D1",7,"A","WL2",1,9,NA,NA,NA,NA,NA,2023-02-17,NA,2022-11-27,NA,NA,NA,NA,NA,82
"D1",7,"B","CP2",8,4,NA,NA,NA,NA,NA,2023-02-03,NA,2022-11-27,NA,NA,NA,NA,NA,68
"D1",8,"A","LV3",7,12,NA,NA,NA,NA,NA,2023-02-10,NA,2022-11-27,NA,NA,NA,NA,NA,75
"D1",8,"B","BH",6,7,NA,NA,NA,NA,NA,2023-03-17,NA,2022-11-27,NA,NA,NA,NA,NA,110
"D1",9,"A","SC",4,8,NA,NA,NA,NA,NA,2023-03-17,NA,2022-11-27,NA,NA,NA,NA,NA,110
"D1",9,"B","LVTR1",2,5,NA,NA,NA,NA,NA,2023-02-03,NA,2022-11-27,NA,NA,NA,NA,NA,68
"D1",10,"A","SQ3",4,4,NA,NA,NA,NA,NA,2023-03-03,NA,2022-11-27,NA,NA,NA,NA,NA,96
"D1",10,"B","TM2",2,4,NA,NA,NA,NA,NA,2023-04-10,NA,2022-11-27,NA,NA,NA,NA,NA,134
"D1",11,"A","WL1",4,10,NA,NA,NA,NA,NA,2023-02-17,NA,2022-11-27,NA,NA,NA,NA,NA,82
"D1",11,"B","BH",7,4,NA,NA,NA,NA,NA,2023-03-03,NA,2022-11-27,NA,NA,NA,NA,NA,96
"D1",12,"A","CC",7,4,NA,NA,NA,NA,NA,2023-03-31,NA,2022-11-27,NA,NA,NA,NA,NA,124
"D1",12,"B","TM2",5,9,NA,NA,NA,NA,NA,2023-04-03,NA,2022-11-27,NA,NA,NA,NA,NA,127
"D1",13,"A","CP2",5,8,NA,NA,NA,NA,NA,2023-02-10,NA,2022-11-27,NA,NA,NA,NA,NA,75
"D1",13,"B","WL1",1,3,NA,NA,NA,NA,NA,2023-03-17,NA,2022-11-27,NA,NA,NA,NA,NA,110
"D1",14,"A","WL1",3,6,NA,NA,NA,NA,NA,2023-03-03,NA,2022-11-27,NA,NA,NA,NA,NA,96
"D1",14,"B","YO7",4,7,NA,NA,NA,NA,NA,2023-04-10,NA,2022-11-27,NA,NA,NA,NA,NA,134
"D1",15,"A","IH",4,18,NA,NA,NA,NA,NA,2023-03-03,NA,2022-11-27,NA,NA,NA,NA,NA,96
"D1",15,"B","WL1",2,14,NA,NA,NA,NA,NA,2023-03-03,NA,2022-11-27,NA,NA,NA,NA,NA,96
"D1",16,"A","WL1",7,1,NA,NA,NA,NA,NA,2023-01-20,NA,2022-11-27,NA,NA,NA,NA,NA,54
"D1",16,"B","TM2",5,3,NA,NA,NA,NA,NA,2023-03-03,NA,2022-11-27,NA,NA,NA,NA,NA,96
"D1",17,"A","DPR",6,4,NA,NA,NA,NA,NA,2023-02-17,NA,2022-11-27,NA,NA,NA,NA,NA,82
"D1",17,"B","WL1",7,15,NA,NA,NA,NA,NA,2023-03-17,NA,2022-11-27,NA,NA,NA,NA,NA,110
"D1",18,"A","SC",6,10,NA,NA,NA,NA,NA,2023-03-03,NA,2022-11-27,NA,NA,NA,NA,NA,96
"D1",18,"B","IH",4,10,NA,NA,NA,NA,NA,2023-03-17,NA,2022-11-27,NA,NA,NA,NA,NA,110
"D1",19,"A","SQ2",6,2,NA,NA,NA,NA,NA,2023-02-10,NA,2022-11-27,NA,NA,NA,NA,NA,75
"D1",19,"B","BH",2,8,NA,NA,NA,NA,NA,2023-03-03,NA,2022-11-27,NA,NA,NA,NA,NA,96
"D1",20,"A","BH",4,2,NA,NA,NA,NA,NA,2023-03-17,NA,2022-11-27,NA,NA,NA,NA,NA,110
"D1",20,"B","WL2",5,6,NA,NA,NA,NA,NA,2023-04-10,NA,2022-11-27,NA,NA,NA,NA,NA,134
"D1",21,"A","SQ2",5,3,NA,NA,NA,NA,NA,2023-01-27,NA,2022-11-27,NA,NA,NA,NA,NA,61
"D1",21,"B","LV3",6,3,NA,NA,NA,NA,NA,2023-03-03,NA,2022-11-27,NA,NA,NA,NA,NA,96
"D2",22,"A","CP2",9,2,NA,NA,NA,NA,NA,2023-01-20,NA,2022-11-27,NA,NA,NA,NA,NA,54
"D2",22,"B","SQ1",4,4,NA,NA,NA,NA,NA,2023-04-10,NA,2022-11-27,NA,NA,NA,NA,NA,134
"D2",23,"A","YO11",3,12,NA,NA,NA,NA,NA,2023-01-06,NA,2022-11-27,NA,NA,NA,NA,NA,40
"D2",23,"B","CP2",10,3,NA,NA,NA,NA,NA,2023-03-03,NA,2022-11-27,NA,NA,NA,NA,NA,96
"D2",24,"A","LVTR1",7,6,NA,NA,NA,NA,NA,2023-02-10,NA,2022-11-27,NA,NA,NA,NA,NA,75
"D2",24,"B","IH",6,6,NA,NA,NA,NA,NA,2023-03-03,NA,2022-11-27,NA,NA,NA,NA,NA,96
"D2",25,"A","DPR",2,7,NA,NA,NA,NA,NA,2023-03-10,NA,2022-11-27,NA,NA,NA,NA,NA,103
"D2",25,"B","CP2",2,1,NA,NA,NA,NA,NA,2023-03-03,NA,2022-11-27,NA,NA,NA,NA,NA,96
"D2",26,"A","TM2",1,2,NA,NA,NA,NA,NA,2023-03-03,NA,2022-11-27,NA,NA,NA,NA,NA,96
"D2",26,"B","BH",5,15,2023-05-18,2023-05-30,2023-06-05,2023-07-17,2023-07-24,NA,NA,2022-11-27,172,184,190,232,239,NA
"D2",27,"A","SQ2",4,6,NA,NA,NA,NA,NA,2023-01-06,NA,2022-11-27,NA,NA,NA,NA,NA,40
"D2",27,"B","DPR",4,9,NA,NA,NA,NA,NA,2023-03-17,NA,2022-11-27,NA,NA,NA,NA,NA,110
"D4",28,"A","LV3",8,7,NA,NA,NA,NA,NA,2023-01-06,NA,2022-11-27,NA,NA,NA,NA,NA,40
"D5",28,"B","CC",2,13,NA,NA,NA,NA,NA,2023-03-03,NA,2022-11-27,NA,NA,NA,NA,NA,96
"D2",29,"A","IH",7,3,NA,NA,NA,NA,NA,2023-05-01,NA,2022-11-27,NA,NA,NA,NA,NA,155
"D2",29,"B","YO11",7,2,NA,NA,NA,NA,NA,2023-02-03,NA,2022-11-27,NA,NA,NA,NA,NA,68
"D2",30,"A","WL1",7,26,NA,NA,NA,NA,NA,2023-03-03,NA,2022-11-27,NA,NA,NA,NA,NA,96
"D2",30,"B","BH",4,3,NA,NA,NA,NA,NA,NA,"6/5 not budding",2022-11-27,NA,NA,NA,NA,NA,NA
"D2",31,"A","WL2",1,7,NA,NA,NA,NA,NA,2023-01-12,NA,2022-11-27,NA,NA,NA,NA,NA,46
"D2",31,"B","TM2",4,11,2023-04-10,2023-04-24,2023-05-01,2023-05-30,2023-06-05,2023-06-23,NA,2022-11-27,134,148,155,184,190,208
"D2",32,"A","LV3",2,3,NA,NA,NA,NA,NA,2023-03-24,NA,2022-11-27,NA,NA,NA,NA,NA,117
"D2",32,"B","IH",4,19,NA,NA,NA,NA,NA,2023-03-03,NA,2022-11-27,NA,NA,NA,NA,NA,96
"D2",33,"A","WL1",2,11,NA,NA,NA,NA,NA,2023-01-06,NA,2022-11-27,NA,NA,NA,NA,NA,40
"D2",33,"B","BH",6,8,NA,NA,NA,NA,NA,2023-03-31,NA,2022-11-27,NA,NA,NA,NA,NA,124
"D2",34,"A","LV3",1,7,NA,NA,NA,NA,NA,2023-02-10,NA,2022-11-27,NA,NA,NA,NA,NA,75
"D2",34,"B","WL1",1,21,NA,NA,NA,NA,NA,2023-03-03,NA,2022-11-27,NA,NA,NA,NA,NA,96
"D2",35,"A","CC",1,11,NA,NA,NA,NA,NA,2023-03-17,NA,2022-11-27,NA,NA,NA,NA,NA,110
"D2",35,"B","BH",5,25,NA,NA,NA,NA,NA,2023-03-03,NA,2022-11-27,NA,NA,NA,NA,NA,96
"D2",36,"A","YO8",2,2,NA,NA,NA,NA,NA,2023-01-20,NA,2022-11-27,NA,NA,NA,NA,NA,54
"D2",36,"B","WL1",2,15,NA,NA,NA,NA,NA,2023-03-03,NA,2022-11-27,NA,NA,NA,NA,NA,96
"D2",37,"A","WL1",1,4,NA,NA,NA,NA,NA,2023-02-17,NA,2022-11-27,NA,NA,NA,NA,NA,82
"D2",37,"B","TM2",6,5,2023-03-17,NA,NA,NA,NA,2023-04-10,NA,2022-11-27,110,NA,NA,NA,NA,134
"D2",38,"A","YO4",4,5,NA,NA,NA,NA,NA,2023-02-03,NA,2022-11-27,NA,NA,NA,NA,NA,68
"D2",38,"B","WL1",4,1,NA,NA,NA,NA,NA,2023-02-17,NA,2022-11-27,NA,NA,NA,NA,NA,82
"D2",39,"A","CC",5,7,NA,NA,NA,NA,NA,2023-03-24,NA,2022-11-27,NA,NA,NA,NA,NA,117
"D2",39,"B","CC",4,5,NA,NA,NA,NA,NA,2023-03-24,NA,2022-11-27,NA,NA,NA,NA,NA,117
"D2",40,"A","FR",6,5,NA,NA,NA,NA,NA,2023-03-03,NA,2022-11-27,NA,NA,NA,NA,NA,96
"D2",40,"B","WR",3,7,NA,NA,NA,NA,NA,2023-03-10,NA,2022-11-27,NA,NA,NA,NA,NA,103
"D2",41,"A","WL2",4,12,NA,NA,NA,NA,NA,2023-03-03,NA,2022-11-27,NA,NA,NA,NA,NA,96
"D2",41,"B","IH",7,13,NA,NA,NA,NA,NA,2023-03-03,NA,2022-11-27,NA,NA,NA,NA,NA,96
"D2",42,"A","buffer",NA,NA,NA,NA,NA,NA,NA,NA,NA,2022-11-27,NA,NA,NA,NA,NA,NA
"D2",42,"B","buffer",NA,NA,NA,NA,NA,NA,NA,NA,NA,2022-11-27,NA,NA,NA,NA,NA,NA
"D2",43,"A","buffer",NA,NA,NA,NA,NA,NA,NA,NA,NA,2022-11-27,NA,NA,NA,NA,NA,NA
"D2",43,"B","buffer",NA,NA,NA,NA,NA,NA,NA,NA,NA,2022-11-27,NA,NA,NA,NA,NA,NA
"D1",1,"C","buffer",NA,NA,NA,NA,NA,NA,NA,NA,NA,2022-11-27,NA,NA,NA,NA,NA,NA
"D1",1,"D","buffer",NA,NA,NA,NA,NA,NA,NA,NA,NA,2022-11-27,NA,NA,NA,NA,NA,NA
"D1",2,"C","buffer",NA,NA,NA,NA,NA,NA,NA,NA,NA,2022-11-27,NA,NA,NA,NA,NA,NA
"D1",2,"D","buffer",NA,NA,NA,NA,NA,NA,NA,NA,NA,2022-11-27,NA,NA,NA,NA,NA,NA
"D1",3,"C","LV3",1,6,NA,NA,NA,NA,NA,2023-02-17,NA,2022-11-27,NA,NA,NA,NA,NA,82
"D1",3,"D","IH",2,13,NA,NA,NA,NA,NA,2023-03-03,NA,2022-11-27,NA,NA,NA,NA,NA,96
"D1",4,"C","CC",4,9,NA,NA,NA,NA,NA,2023-02-03,NA,2022-11-27,NA,NA,NA,NA,NA,68
"D1",4,"D","YO7",8,1,NA,NA,NA,NA,NA,2023-06-23,NA,2022-11-27,NA,NA,NA,NA,NA,208
"D1",5,"C","WV",4,10,NA,NA,NA,NA,NA,2023-02-17,NA,2022-11-27,NA,NA,NA,NA,NA,82
"D1",5,"D","FR",1,12,NA,NA,NA,NA,NA,2023-02-10,NA,2022-11-27,NA,NA,NA,NA,NA,75
"D1",6,"C","BH",4,12,NA,NA,NA,NA,NA,2023-03-17,NA,2022-11-27,NA,NA,NA,NA,NA,110
"D1",6,"D","SQ1",5,9,NA,NA,NA,NA,NA,2023-01-20,NA,2022-11-27,NA,NA,NA,NA,NA,54
"D1",7,"C","WL1",1,20,NA,NA,NA,NA,NA,2023-03-03,NA,2022-11-27,NA,NA,NA,NA,NA,96
"D1",7,"D","CP2",2,11,NA,NA,NA,NA,NA,2023-03-03,NA,2022-11-27,NA,NA,NA,NA,NA,96
"D1",8,"C","WL1",2,10,NA,NA,NA,NA,NA,2023-02-03,NA,2022-11-27,NA,NA,NA,NA,NA,68
"D1",8,"D","BH",7,17,NA,NA,NA,NA,NA,2023-03-03,NA,2022-11-27,NA,NA,NA,NA,NA,96
"D1",9,"C","BH",1,8,NA,NA,NA,NA,NA,2023-03-24,NA,2022-11-27,NA,NA,NA,NA,NA,117
"D1",9,"D","SQ1",7,3,NA,NA,NA,NA,NA,2023-01-27,NA,2022-11-27,NA,NA,NA,NA,NA,61
"D1",10,"C","FR",6,6,NA,NA,NA,NA,NA,2023-02-17,NA,2022-11-27,NA,NA,NA,NA,NA,82
"D1",10,"D","IH",7,2,NA,NA,NA,NA,NA,2023-03-10,NA,2022-11-27,NA,NA,NA,NA,NA,103
"D1",11,"C","LV3",5,10,NA,NA,NA,NA,NA,2023-02-03,NA,2022-11-27,NA,NA,NA,NA,NA,68
"D1",11,"D","SQ1",1,9,NA,NA,NA,NA,NA,2023-02-17,NA,2022-11-27,NA,NA,NA,NA,NA,82
"D1",12,"C","WL1",1,13,NA,NA,NA,NA,NA,2023-02-10,NA,2022-11-27,NA,NA,NA,NA,NA,75
"D1",12,"D","DPR",2,11,NA,NA,NA,NA,NA,2023-01-27,NA,2022-11-27,NA,NA,NA,NA,NA,61
"D1",13,"C","SQ1",7,21,NA,NA,NA,NA,NA,2023-01-20,NA,2022-11-27,NA,NA,NA,NA,NA,54
"D1",13,"D","SQ1",7,13,NA,NA,NA,NA,NA,2023-02-17,NA,2022-11-27,NA,NA,NA,NA,NA,82
"D1",14,"C","TM2",1,13,NA,NA,NA,NA,NA,2023-03-03,NA,2022-11-27,NA,NA,NA,NA,NA,96
"D1",14,"D","WL1",6,4,NA,NA,NA,NA,NA,2023-03-03,NA,2022-11-27,NA,NA,NA,NA,NA,96
"D1",15,"C","LVTR1",6,13,NA,NA,NA,NA,NA,2023-01-20,NA,2022-11-27,NA,NA,NA,NA,NA,54
"D1",15,"D","WL1",6,20,NA,NA,NA,NA,NA,2023-01-06,NA,2022-11-27,NA,NA,NA,NA,NA,40
"D1",16,"C","CC",2,5,NA,NA,NA,NA,NA,2023-01-27,NA,2022-11-27,NA,NA,NA,NA,NA,61
"D1",16,"D","LV3",2,1,NA,NA,NA,NA,NA,2023-01-12,NA,2022-11-27,NA,NA,NA,NA,NA,46
"D1",17,"C","BH",5,14,NA,NA,NA,NA,NA,2023-03-03,NA,2022-11-27,NA,NA,NA,NA,NA,96
"D1",17,"D","IH",7,12,NA,NA,NA,NA,NA,2023-05-15,NA,2022-11-27,NA,NA,NA,NA,NA,169
"D1",18,"C","WL1",7,25,NA,NA,NA,NA,NA,2023-01-20,NA,2022-11-27,NA,NA,NA,NA,NA,54
"D1",18,"D","BH",3,5,NA,NA,NA,NA,NA,2023-03-03,NA,2022-11-27,NA,NA,NA,NA,NA,96
"D1",19,"C","SQ2",8,1,NA,NA,NA,NA,NA,2023-01-20,NA,2022-11-27,NA,NA,NA,NA,NA,54
"D1",19,"D","BH",5,9,NA,NA,NA,NA,NA,2023-05-15,NA,2022-11-27,NA,NA,NA,NA,NA,169
"D1",20,"C","WL1",7,11,NA,NA,NA,NA,NA,2023-02-17,NA,2022-11-27,NA,NA,NA,NA,NA,82
"D1",20,"D","YO8",3,12,NA,NA,NA,NA,NA,2023-01-27,NA,2022-11-27,NA,NA,NA,NA,NA,61
"D1",21,"C","SC",5,10,NA,NA,NA,NA,NA,2023-03-24,NA,2022-11-27,NA,NA,NA,NA,NA,117
"D1",21,"D","FR",8,2,NA,NA,NA,NA,NA,2022-11-30,NA,2022-11-27,NA,NA,NA,NA,NA,3
"D2",22,"C","BH",7,18,NA,NA,NA,NA,NA,2023-02-17,NA,2022-11-27,NA,NA,NA,NA,NA,82
"D2",22,"D","LV3",7,13,NA,NA,NA,NA,NA,2023-03-03,NA,2022-11-27,NA,NA,NA,NA,NA,96
"D2",23,"C","SQ3",4,11,NA,NA,NA,NA,NA,2023-02-17,NA,2022-11-27,NA,NA,NA,NA,NA,82
"D2",23,"D","SQ2",6,3,NA,NA,NA,NA,NA,2023-02-17,NA,2022-11-27,NA,NA,NA,NA,NA,82
"D2",24,"C","IH",4,11,NA,NA,NA,NA,NA,2023-05-01,NA,2022-11-27,NA,NA,NA,NA,NA,155
"D2",24,"D","LV3",4,12,NA,NA,NA,NA,NA,2023-02-03,NA,2022-11-27,NA,NA,NA,NA,NA,68
"D2",25,"C","WL1",2,1,NA,NA,NA,NA,NA,2023-01-27,NA,2022-11-27,NA,NA,NA,NA,NA,61
"D2",25,"D","FR",6,10,NA,NA,NA,NA,NA,2023-03-17,NA,2022-11-27,NA,NA,NA,NA,NA,110
"D2",26,"C","WL1",4,11,NA,NA,NA,NA,NA,2023-02-17,NA,2022-11-27,NA,NA,NA,NA,NA,82
"D2",26,"D","SC",5,11,NA,NA,NA,NA,NA,2023-03-03,NA,2022-11-27,NA,NA,NA,NA,NA,96
"D2",27,"C","BH",7,5,NA,NA,NA,NA,NA,2023-03-03,NA,2022-11-27,NA,NA,NA,NA,NA,96
"D2",27,"D","SC",4,10,NA,NA,NA,NA,NA,2023-03-03,NA,2022-11-27,NA,NA,NA,NA,NA,96
"D2",28,"C","FR",2,9,NA,NA,NA,NA,NA,2023-02-17,NA,2022-11-27,NA,NA,NA,NA,NA,82
"D2",28,"D","FR",1,6,NA,NA,NA,NA,NA,2023-02-10,NA,2022-11-27,NA,NA,NA,NA,NA,75
"D2",29,"C","BH",4,13,NA,NA,NA,NA,NA,2023-10-16,NA,2022-11-27,NA,NA,NA,NA,NA,323
"D2",29,"D","BH",2,9,2023-06-01,2023-06-12,2023-06-15,2023-09-05,2023-09-05,NA,NA,2022-11-27,186,197,200,282,282,NA
"D2",30,"C","CP2",5,2,NA,NA,NA,NA,NA,2023-02-17,NA,2022-11-27,NA,NA,NA,NA,NA,82
"D2",30,"D","BH",1,10,NA,NA,NA,NA,NA,2023-03-03,NA,2022-11-27,NA,NA,NA,NA,NA,96
"D2",31,"C","SQ1",1,11,NA,NA,NA,NA,NA,2023-02-03,NA,2022-11-27,NA,NA,NA,NA,NA,68
"D2",31,"D","LVTR1",6,5,NA,NA,NA,NA,NA,2023-02-10,NA,2022-11-27,NA,NA,NA,NA,NA,75
"D2",32,"C","LV3",7,1,NA,NA,NA,NA,NA,2023-02-03,NA,2022-11-27,NA,NA,NA,NA,NA,68
"D2",32,"D","WL1",3,9,NA,NA,NA,NA,NA,2023-01-12,NA,2022-11-27,NA,NA,NA,NA,NA,46
"D2",33,"C","CP3",12,1,NA,NA,NA,NA,NA,2023-02-10,NA,2022-11-27,NA,NA,NA,NA,NA,75
"D2",33,"D","BH",5,10,NA,NA,NA,NA,NA,2023-01-12,NA,2022-11-27,NA,NA,NA,NA,NA,46
"D2",34,"C","WL1",7,12,NA,NA,NA,NA,NA,2023-02-17,NA,2022-11-27,NA,NA,NA,NA,NA,82
"D2",34,"D","SQ1",6,4,NA,NA,NA,NA,NA,2023-01-06,NA,2022-11-27,NA,NA,NA,NA,NA,40
"D2",35,"C","SC",6,11,NA,NA,NA,NA,NA,2023-02-24,NA,2022-11-27,NA,NA,NA,NA,NA,89
"D2",35,"D","BH",3,6,2023-05-01,2023-05-18,2023-05-22,2023-06-26,2023-06-29,2023-09-05,NA,2022-11-27,155,172,176,211,214,282
"D2",36,"C","IH",4,1,NA,NA,NA,NA,NA,2023-02-17,NA,2022-11-27,NA,NA,NA,NA,NA,82
"D2",36,"D","WL1",6,5,NA,NA,NA,NA,NA,2023-02-17,NA,2022-11-27,NA,NA,NA,NA,NA,82
"D2",37,"C","SQ1",7,4,NA,NA,NA,NA,NA,2023-02-17,NA,2022-11-27,NA,NA,NA,NA,NA,82
"D2",37,"D","LV3",5,11,NA,NA,NA,NA,NA,2023-02-03,NA,2022-11-27,NA,NA,NA,NA,NA,68
"D2",38,"C","YO7",2,10,NA,NA,NA,NA,NA,2022-12-13,NA,2022-11-27,NA,NA,NA,NA,NA,16
"D2",38,"D","SC",2,1,NA,NA,NA,NA,NA,2023-02-10,NA,2022-11-27,NA,NA,NA,NA,NA,75
"D2",39,"C","WL1",7,16,NA,NA,NA,NA,NA,2023-03-03,NA,2022-11-27,NA,NA,NA,NA,NA,96
"D2",39,"D","WL1",6,21,NA,NA,NA,NA,NA,2023-03-03,NA,2022-11-27,NA,NA,NA,NA,NA,96
"D2",40,"C","TM2",2,1,NA,NA,NA,NA,NA,2023-03-03,NA,2022-11-27,NA,NA,NA,NA,NA,96
"D2",40,"D","YO7",7,11,NA,NA,NA,NA,NA,2023-03-24,NA,2022-11-27,NA,NA,NA,NA,NA,117
"D2",41,"C","WL1",7,2,NA,NA,NA,NA,NA,2023-03-03,NA,2022-11-27,NA,NA,NA,NA,NA,96
"D2",41,"D","IH",2,9,NA,NA,NA,NA,NA,2023-03-03,NA,2022-11-27,NA,NA,NA,NA,NA,96
"D2",42,"C","buffer",NA,NA,NA,NA,NA,NA,NA,NA,NA,2022-11-27,NA,NA,NA,NA,NA,NA
"D2",42,"D","buffer",NA,NA,NA,NA,NA,NA,NA,NA,NA,2022-11-27,NA,NA,NA,NA,NA,NA
"D2",43,"C","buffer",NA,NA,NA,NA,NA,NA,NA,NA,NA,2022-11-27,NA,NA,NA,NA,NA,NA
"D2",43,"D","buffer",NA,NA,NA,NA,NA,NA,NA,NA,NA,2022-11-27,NA,NA,NA,NA,NA,NA
"F1",1,"A","buffer",NA,NA,NA,NA,NA,NA,NA,NA,NA,2022-11-27,NA,NA,NA,NA,NA,NA
"F1",1,"B","buffer",NA,NA,NA,NA,NA,NA,NA,NA,NA,2022-11-27,NA,NA,NA,NA,NA,NA
"F1",2,"A","buffer",NA,NA,NA,NA,NA,NA,NA,NA,NA,2022-11-27,NA,NA,NA,NA,NA,NA
"F1",2,"B","buffer",NA,NA,NA,NA,NA,NA,NA,NA,NA,2022-11-27,NA,NA,NA,NA,NA,NA
"F1",3,"A","LV1",6,6,NA,NA,NA,NA,NA,2023-01-20,NA,2022-11-27,NA,NA,NA,NA,NA,54
"F1",3,"B","CP2",5,13,NA,NA,NA,NA,NA,2023-03-03,NA,2022-11-27,NA,NA,NA,NA,NA,96
"F1",4,"A","SQ2",6,4,NA,NA,NA,NA,NA,2023-02-17,NA,2022-11-27,NA,NA,NA,NA,NA,82
"F1",4,"B","SQ3",3,4,NA,NA,NA,NA,NA,2023-05-08,NA,2022-11-27,NA,NA,NA,NA,NA,162
"F1",5,"A","WL1",4,2,NA,NA,NA,NA,NA,2023-01-06,NA,2022-11-27,NA,NA,NA,NA,NA,40
"F1",5,"B","LVTR1",6,12,NA,NA,NA,NA,NA,2023-05-08,NA,2022-11-27,NA,NA,NA,NA,NA,162
"F1",6,"A","CP2",4,4,NA,NA,NA,NA,NA,2023-05-01,NA,2022-11-27,NA,NA,NA,NA,NA,155
"F1",6,"B","WL2",4,1,NA,NA,NA,NA,NA,2023-05-01,NA,2022-11-27,NA,NA,NA,NA,NA,155
"F1",7,"A","LV3",1,8,NA,NA,NA,NA,NA,2023-01-12,NA,2022-11-27,NA,NA,NA,NA,NA,46
"F1",7,"B","IH",4,20,NA,NA,NA,NA,NA,2023-05-08,NA,2022-11-27,NA,NA,NA,NA,NA,162
"F1",8,"A","TM2",2,2,2023-03-22,NA,NA,NA,NA,2023-04-10,NA,2022-11-27,115,NA,NA,NA,NA,134
"F1",8,"B","SC",5,13,NA,NA,NA,NA,NA,2023-03-03,NA,2022-11-27,NA,NA,NA,NA,NA,96
"F1",9,"A","DPR",2,5,NA,NA,NA,NA,NA,2023-03-10,NA,2022-11-27,NA,NA,NA,NA,NA,103
"F1",9,"B","YO8",2,11,NA,NA,NA,NA,NA,2023-01-20,NA,2022-11-27,NA,NA,NA,NA,NA,54
"F1",10,"A","BH",7,19,NA,NA,NA,NA,NA,2023-02-10,NA,2022-11-27,NA,NA,NA,NA,NA,75
"F1",10,"B","WL1",1,5,NA,NA,NA,NA,NA,2023-01-20,NA,2022-11-27,NA,NA,NA,NA,NA,54
"F1",11,"A","FR",5,9,NA,NA,NA,NA,NA,2023-03-24,NA,2022-11-27,NA,NA,NA,NA,NA,117
"F1",11,"B","WL1",2,12,NA,NA,NA,NA,NA,2023-02-17,NA,2022-11-27,NA,NA,NA,NA,NA,82
"F1",12,"A","CC",6,3,NA,NA,NA,NA,NA,2023-02-24,NA,2022-11-27,NA,NA,NA,NA,NA,89
"F1",12,"B","TM2",1,3,NA,NA,NA,NA,NA,2023-03-03,NA,2022-11-27,NA,NA,NA,NA,NA,96
"F1",13,"A","SC",6,12,NA,NA,NA,NA,NA,2023-01-20,NA,2022-11-27,NA,NA,NA,NA,NA,54
"F1",13,"B","WL1",7,27,NA,NA,NA,NA,NA,2023-02-17,NA,2022-11-27,NA,NA,NA,NA,NA,82
"F1",14,"A","IH",4,12,NA,NA,NA,NA,NA,2023-03-03,NA,2022-11-27,NA,NA,NA,NA,NA,96
"F1",14,"B","WL1",7,17,NA,NA,NA,NA,NA,2022-12-21,NA,2022-11-27,NA,NA,NA,NA,NA,24
"F1",15,"A","BH",6,9,NA,NA,NA,NA,NA,NA,NA,2022-11-27,NA,NA,NA,NA,NA,NA
"F1",15,"B","SQ1",1,12,NA,NA,NA,NA,NA,2023-02-17,NA,2022-11-27,NA,NA,NA,NA,NA,82
"F1",16,"A","WL1",2,2,NA,NA,NA,NA,NA,2023-03-03,NA,2022-11-27,NA,NA,NA,NA,NA,96
"F1",16,"B","FR",2,4,NA,NA,NA,NA,NA,2023-02-17,NA,2022-11-27,NA,NA,NA,NA,NA,82
"F1",17,"A","WL1",6,22,NA,NA,NA,NA,NA,2023-02-17,NA,2022-11-27,NA,NA,NA,NA,NA,82
"F1",17,"B","BH",2,10,NA,NA,NA,NA,NA,2023-03-03,NA,2022-11-27,NA,NA,NA,NA,NA,96
"F1",18,"A","WL1",5,8,NA,NA,NA,NA,NA,2023-02-10,NA,2022-11-27,NA,NA,NA,NA,NA,75
"F1",18,"B","WL1",1,22,NA,NA,NA,NA,NA,2023-03-24,NA,2022-11-27,NA,NA,NA,NA,NA,117
"F1",19,"A","WL2",5,11,NA,NA,NA,NA,NA,2023-03-24,NA,2022-11-27,NA,NA,NA,NA,NA,117
"F1",19,"B","WL2",1,1,NA,NA,NA,NA,NA,2022-12-13,NA,2022-11-27,NA,NA,NA,NA,NA,16
"F1",20,"A","LV3",7,2,NA,NA,NA,NA,NA,2023-02-03,NA,2022-11-27,NA,NA,NA,NA,NA,68
"F1",20,"B","CC",2,4,NA,NA,NA,NA,NA,2023-03-03,NA,2022-11-27,NA,NA,NA,NA,NA,96
"F1",21,"A","CC",4,13,NA,NA,NA,NA,NA,2022-12-13,NA,2022-11-27,NA,NA,NA,NA,NA,16
"F1",21,"B","LV3",5,12,NA,NA,NA,NA,NA,2023-02-03,NA,2022-11-27,NA,NA,NA,NA,NA,68
"F2",22,"A","WL1",7,18,NA,NA,NA,NA,NA,2023-01-20,NA,2022-11-27,NA,NA,NA,NA,NA,54
"F2",22,"B","buffer",NA,NA,NA,NA,NA,NA,NA,NA,NA,2022-11-27,NA,NA,NA,NA,NA,NA
"F2",23,"A","WL1",2,3,NA,NA,NA,NA,NA,2023-02-10,NA,2022-11-27,NA,NA,NA,NA,NA,75
"F2",23,"B","CP3",7,1,NA,NA,NA,NA,NA,2022-12-13,NA,2022-11-27,NA,NA,NA,NA,NA,16
"F2",24,"A","TM2",3,13,NA,NA,NA,NA,NA,2023-03-03,NA,2022-11-27,NA,NA,NA,NA,NA,96
"F2",24,"B","LVTR1",5,13,NA,NA,NA,NA,NA,2023-02-17,NA,2022-11-27,NA,NA,NA,NA,NA,82
"F2",25,"A","YO8",1,10,NA,NA,NA,NA,NA,2023-02-10,NA,2022-11-27,NA,NA,NA,NA,NA,75
"F2",25,"B","WL1",6,7,NA,NA,NA,NA,NA,2023-03-03,NA,2022-11-27,NA,NA,NA,NA,NA,96
"F2",26,"A","SQ1",1,13,NA,NA,NA,NA,NA,2023-01-12,NA,2022-11-27,NA,NA,NA,NA,NA,46
"F2",26,"B","WR",1,11,NA,NA,NA,NA,NA,2023-02-10,NA,2022-11-27,NA,NA,NA,NA,NA,75
"F2",27,"A","BH",7,7,NA,NA,NA,NA,NA,2023-02-10,NA,2022-11-27,NA,NA,NA,NA,NA,75
"F2",27,"B","WL2",3,13,NA,NA,NA,NA,NA,2023-07-24,NA,2022-11-27,NA,NA,NA,NA,NA,239
"F2",28,"A","BH",5,2,NA,NA,NA,NA,NA,2023-01-06,NA,2022-11-27,NA,NA,NA,NA,NA,40
"F2",28,"B","WL1",6,23,NA,NA,NA,NA,NA,2023-03-24,NA,2022-11-27,NA,NA,NA,NA,NA,117
"F2",29,"A","FR",8,1,NA,NA,NA,NA,NA,2023-02-03,NA,2022-11-27,NA,NA,NA,NA,NA,68
"F2",29,"B","BH",4,5,NA,NA,NA,NA,NA,NA,NA,2022-11-27,NA,NA,NA,NA,NA,NA
"F2",30,"A","YO7",4,4,NA,NA,NA,NA,NA,2023-01-20,NA,2022-11-27,NA,NA,NA,NA,NA,54
"F2",30,"B","WL1",7,28,NA,NA,NA,NA,NA,2023-03-03,NA,2022-11-27,NA,NA,NA,NA,NA,96
"F2",31,"A","CC",7,8,NA,NA,NA,NA,NA,2023-03-17,NA,2022-11-27,NA,NA,NA,NA,NA,110
"F2",31,"B","SC",6,1,NA,NA,NA,NA,NA,2023-03-24,NA,2022-11-27,NA,NA,NA,NA,NA,117
"F2",32,"A","DPR",6,2,NA,NA,NA,NA,NA,2023-03-24,NA,2022-11-27,NA,NA,NA,NA,NA,117
"F2",32,"B","LV3",5,1,NA,NA,NA,NA,NA,2023-02-24,NA,2022-11-27,NA,NA,NA,NA,NA,89
"F2",33,"A","IH",1,12,NA,NA,NA,NA,NA,2023-03-03,NA,2022-11-27,NA,NA,NA,NA,NA,96
"F2",33,"B","WL1",4,3,NA,NA,NA,NA,NA,2023-03-17,NA,2022-11-27,NA,NA,NA,NA,NA,110
"F2",34,"A","IH",4,13,NA,NA,NA,NA,NA,2023-03-31,NA,2022-11-27,NA,NA,NA,NA,NA,124
"F2",34,"B","YO7",5,5,NA,NA,NA,NA,NA,2023-03-24,NA,2022-11-27,NA,NA,NA,NA,NA,117
"F2",35,"A","LV3",7,3,NA,NA,NA,NA,NA,2023-03-03,NA,2022-11-27,NA,NA,NA,NA,NA,96
"F2",35,"B","WL1",1,23,NA,NA,NA,NA,NA,2023-03-31,NA,2022-11-27,NA,NA,NA,NA,NA,124
"F2",36,"A","FR",2,12,NA,NA,NA,NA,NA,2023-03-03,NA,2022-11-27,NA,NA,NA,NA,NA,96
"F2",36,"B","CP2",3,5,NA,NA,NA,NA,NA,2023-03-03,NA,2022-11-27,NA,NA,NA,NA,NA,96
"F2",37,"A","LV3",4,13,NA,NA,NA,NA,NA,2023-01-20,NA,2022-11-27,NA,NA,NA,NA,NA,54
"F2",37,"B","SQ1",7,14,NA,NA,NA,NA,NA,2023-02-17,NA,2022-11-27,NA,NA,NA,NA,NA,82
"F2",38,"A","CP2",6,4,NA,NA,NA,NA,NA,2023-03-24,NA,2022-11-27,NA,NA,NA,NA,NA,117
"F2",38,"B","SC",4,1,NA,NA,NA,NA,NA,2023-03-17,NA,2022-11-27,NA,NA,NA,NA,NA,110
"F2",39,"A","TM2",3,2,NA,NA,NA,NA,NA,2023-03-10,NA,2022-11-27,NA,NA,NA,NA,NA,103
"F2",39,"B","SC",5,1,NA,NA,NA,NA,NA,2023-03-03,NA,2022-11-27,NA,NA,NA,NA,NA,96
"F2",40,"A","BH",3,8,NA,NA,NA,NA,NA,2023-02-17,NA,2022-11-27,NA,NA,NA,NA,NA,82
"F2",40,"B","BH",5,12,NA,NA,NA,NA,NA,NA,NA,2022-11-27,NA,NA,NA,NA,NA,NA
"F2",41,"A","DPR",2,4,NA,NA,NA,NA,NA,2023-02-17,NA,2022-11-27,NA,NA,NA,NA,NA,82
"F2",41,"B","buffer",NA,NA,NA,NA,NA,NA,NA,NA,NA,2022-11-27,NA,NA,NA,NA,NA,NA
"F2",42,"A","buffer",NA,NA,NA,NA,NA,NA,NA,NA,NA,2022-11-27,NA,NA,NA,NA,NA,NA
"F2",42,"B","buffer",NA,NA,NA,NA,NA,NA,NA,NA,NA,2022-11-27,NA,NA,NA,NA,NA,NA
"F2",43,"A","buffer",NA,NA,NA,NA,NA,NA,NA,NA,NA,2022-11-27,NA,NA,NA,NA,NA,NA
"F2",43,"B","buffer",NA,NA,NA,NA,NA,NA,NA,NA,NA,2022-11-27,NA,NA,NA,NA,NA,NA
"F1",1,"C","buffer",NA,NA,NA,NA,NA,NA,NA,NA,NA,2022-11-27,NA,NA,NA,NA,NA,NA
"F1",1,"D","buffer",NA,NA,NA,NA,NA,NA,NA,NA,NA,2022-11-27,NA,NA,NA,NA,NA,NA
"F1",2,"C","buffer",NA,NA,NA,NA,NA,NA,NA,NA,NA,2022-11-27,NA,NA,NA,NA,NA,NA
"F1",2,"D","buffer",NA,NA,NA,NA,NA,NA,NA,NA,NA,2022-11-27,NA,NA,NA,NA,NA,NA
"F1",3,"C","BH",5,16,NA,NA,NA,NA,NA,2023-02-17,NA,2022-11-27,NA,NA,NA,NA,NA,82
"F1",3,"D","SQ1",2,8,NA,NA,NA,NA,NA,2023-02-03,NA,2022-11-27,NA,NA,NA,NA,NA,68
"F1",4,"C","TM2",5,7,2023-03-17,2023-04-17,2023-04-24,2023-05-30,2023-06-01,2023-06-23,NA,2022-11-27,110,141,148,184,186,208
"F1",4,"D","LV3",6,9,NA,NA,NA,NA,NA,2023-03-17,NA,2022-11-27,NA,NA,NA,NA,NA,110
"F1",5,"C","BH",5,26,NA,NA,NA,NA,NA,2023-03-24,NA,2022-11-27,NA,NA,NA,NA,NA,117
"F1",5,"D","YO4",1,13,NA,NA,NA,NA,NA,2022-12-21,NA,2022-11-27,NA,NA,NA,NA,NA,24
"F1",6,"C","DPR",6,9,2023-03-31,NA,NA,NA,NA,2023-05-01,NA,2022-11-27,124,NA,NA,NA,NA,155
"F1",6,"D","LV3",4,9,NA,NA,NA,NA,NA,2023-01-20,NA,2022-11-27,NA,NA,NA,NA,NA,54
"F1",7,"C","IH",1,10,NA,NA,NA,NA,NA,2023-02-17,NA,2022-11-27,NA,NA,NA,NA,NA,82
"F1",7,"D","BH",7,6,NA,NA,NA,NA,NA,2023-03-03,NA,2022-11-27,NA,NA,NA,NA,NA,96
"F1",8,"C","WL1",6,6,NA,NA,NA,NA,NA,2023-02-10,NA,2022-11-27,NA,NA,NA,NA,NA,75
"F1",8,"D","WL1",2,16,NA,NA,NA,NA,NA,2023-03-31,NA,2022-11-27,NA,NA,NA,NA,NA,124
"F1",9,"C","SC",2,13,NA,NA,NA,NA,NA,2023-02-10,NA,2022-11-27,NA,NA,NA,NA,NA,75
"F1",9,"D","TM2",5,13,NA,NA,NA,NA,NA,2023-02-10,NA,2022-11-27,NA,NA,NA,NA,NA,75
"F1",10,"C","YO7",3,1,NA,NA,NA,NA,NA,2023-02-03,NA,2022-11-27,NA,NA,NA,NA,NA,68
"F1",10,"D","CP3",2,3,NA,NA,NA,NA,NA,2023-01-27,NA,2022-11-27,NA,NA,NA,NA,NA,61
"F1",11,"C","WR",2,8,NA,NA,NA,NA,NA,2023-02-17,NA,2022-11-27,NA,NA,NA,NA,NA,82
"F1",11,"D","IH",4,2,NA,NA,NA,NA,NA,2023-01-06,NA,2022-11-27,NA,NA,NA,NA,NA,40
"F1",12,"C","SQ1",7,5,NA,NA,NA,NA,NA,2023-02-10,NA,2022-11-27,NA,NA,NA,NA,NA,75
"F1",12,"D","FR",4,7,NA,NA,NA,NA,NA,2022-12-13,NA,2022-11-27,NA,NA,NA,NA,NA,16
"F1",13,"C","BH",3,7,NA,NA,NA,NA,NA,2023-04-03,NA,2022-11-27,NA,NA,NA,NA,NA,127
"F1",13,"D","FR",7,10,NA,NA,NA,NA,NA,2023-02-17,NA,2022-11-27,NA,NA,NA,NA,NA,82
"F1",14,"C","YO11",3,3,NA,NA,NA,NA,NA,2023-02-17,NA,2022-11-27,NA,NA,NA,NA,NA,82
"F1",14,"D","YO7",7,13,NA,NA,NA,NA,NA,2023-01-06,NA,2022-11-27,NA,NA,NA,NA,NA,40
"F1",15,"C","BH",4,4,NA,NA,NA,NA,NA,2023-04-17,NA,2022-11-27,NA,NA,NA,NA,NA,141
"F1",15,"D","IH",7,4,NA,NA,NA,NA,NA,2022-12-13,NA,2022-11-27,NA,NA,NA,NA,NA,16
"F1",16,"C","LV3",2,5,NA,NA,NA,NA,NA,2023-02-17,NA,2022-11-27,NA,NA,NA,NA,NA,82
"F1",16,"D","SQ2",7,6,NA,NA,NA,NA,NA,2022-12-13,NA,2022-11-27,NA,NA,NA,NA,NA,16
"F1",17,"C","WL1",4,12,NA,NA,NA,NA,NA,2023-01-12,NA,2022-11-27,NA,NA,NA,NA,NA,46
"F1",17,"D","CC",3,13,NA,NA,NA,NA,NA,2023-03-24,NA,2022-11-27,NA,NA,NA,NA,NA,117
"F1",18,"C","CP2",1,4,NA,NA,NA,NA,NA,2023-01-12,NA,2022-11-27,NA,NA,NA,NA,NA,46
"F1",18,"D","SC",4,13,NA,NA,NA,NA,NA,2023-02-10,NA,2022-11-27,NA,NA,NA,NA,NA,75
"F1",19,"C","WL1",7,3,NA,NA,NA,NA,NA,2023-02-17,NA,2022-11-27,NA,NA,NA,NA,NA,82
"F1",19,"D","LVTR1",1,10,NA,NA,NA,NA,NA,2023-01-12,NA,2022-11-27,NA,NA,NA,NA,NA,46
"F1",20,"C","BH",5,11,NA,NA,NA,NA,NA,2023-02-10,NA,2022-11-27,NA,NA,NA,NA,NA,75
"F1",20,"D","BH",5,1,NA,NA,NA,NA,NA,2023-03-03,NA,2022-11-27,NA,NA,NA,NA,NA,96
"F1",21,"C","buffer",NA,NA,NA,NA,NA,NA,NA,NA,NA,2022-11-27,NA,NA,NA,NA,NA,NA
"F1",21,"D","WL1",7,13,NA,NA,NA,NA,NA,2023-02-17,NA,2022-11-27,NA,NA,NA,NA,NA,82
"F2",22,"C","buffer",NA,NA,NA,NA,NA,NA,NA,NA,NA,2022-11-27,NA,NA,NA,NA,NA,NA
"F2",22,"D","buffer",NA,NA,NA,NA,NA,NA,NA,NA,NA,2022-11-27,NA,NA,NA,NA,NA,NA
"F2",23,"C","IH",4,21,NA,NA,NA,NA,NA,2023-02-17,NA,2022-11-27,NA,NA,NA,NA,NA,82
"F2",23,"D","WL1",4,13,NA,NA,NA,NA,NA,2023-02-10,NA,2022-11-27,NA,NA,NA,NA,NA,75
"F2",24,"C","CC",1,6,NA,NA,NA,NA,NA,2023-02-17,NA,2022-11-27,NA,NA,NA,NA,NA,82
"F2",24,"D","WL2",4,3,NA,NA,NA,NA,NA,2023-01-27,NA,2022-11-27,NA,NA,NA,NA,NA,61
"F2",25,"C","BH",7,20,NA,NA,NA,NA,NA,2023-03-03,NA,2022-11-27,NA,NA,NA,NA,NA,96
"F2",25,"D","FR",1,10,NA,NA,NA,NA,NA,2023-03-10,NA,2022-11-27,NA,NA,NA,NA,NA,103
"F2",26,"C","WL1",3,2,NA,NA,NA,NA,NA,2023-01-12,NA,2022-11-27,NA,NA,NA,NA,NA,46
"F2",26,"D","SQ1",7,6,NA,NA,NA,NA,NA,2023-02-17,NA,2022-11-27,NA,NA,NA,NA,NA,82
"F2",27,"C","WL1",2,13,NA,NA,NA,NA,NA,2023-03-31,NA,2022-11-27,NA,NA,NA,NA,NA,124
"F2",27,"D","SQ1",3,4,NA,NA,NA,NA,NA,2023-01-06,NA,2022-11-27,NA,NA,NA,NA,NA,40
"F2",28,"C","LV3",1,9,NA,NA,NA,NA,NA,2023-03-24,NA,2022-11-27,NA,NA,NA,NA,NA,117
"F2",28,"D","YO4",4,4,NA,NA,NA,NA,NA,2023-03-03,NA,2022-11-27,NA,NA,NA,NA,NA,96
"F2",29,"C","SQ1",1,1,NA,NA,NA,NA,NA,2023-03-03,NA,2022-11-27,NA,NA,NA,NA,NA,96
"F2",29,"D","CC",4,8,NA,NA,NA,NA,NA,2023-01-12,NA,2022-11-27,NA,NA,NA,NA,NA,46
"F2",30,"C","IH",4,3,NA,NA,NA,NA,NA,2023-03-03,NA,2022-11-27,NA,NA,NA,NA,NA,96
"F2",30,"D","WL1",1,6,NA,NA,NA,NA,NA,2023-03-03,NA,2022-11-27,NA,NA,NA,NA,NA,96
"F2",31,"C","BH",6,10,NA,NA,NA,NA,NA,2023-02-17,NA,2022-11-27,NA,NA,NA,NA,NA,82
"F2",31,"D","YO11",6,7,NA,NA,NA,NA,NA,2023-01-20,NA,2022-11-27,NA,NA,NA,NA,NA,54
"F2",32,"C","WL1",7,4,NA,NA,NA,NA,NA,2023-04-17,NA,2022-11-27,NA,NA,NA,NA,NA,141
"F2",32,"D","WL1",2,17,NA,NA,NA,NA,NA,2023-03-03,NA,2022-11-27,NA,NA,NA,NA,NA,96
"F2",33,"C","BH",5,17,NA,NA,NA,NA,NA,2023-03-03,NA,2022-11-27,NA,NA,NA,NA,NA,96
"F2",33,"D","BH",2,11,NA,NA,NA,NA,NA,2023-02-24,NA,2022-11-27,NA,NA,NA,NA,NA,89
"F2",34,"C","SQ2",6,6,NA,NA,NA,NA,NA,2023-03-24,NA,2022-11-27,NA,NA,NA,NA,NA,117
"F2",34,"D","CC",3,12,NA,NA,NA,NA,NA,2023-03-17,NA,2022-11-27,NA,NA,NA,NA,NA,110
"F2",35,"C","BH",5,27,NA,NA,NA,NA,NA,2023-03-24,NA,2022-11-27,NA,NA,NA,NA,NA,117
"F2",35,"D","BH",2,1,2023-05-22,2023-06-05,2023-06-15,2023-07-24,2023-08-07,2023-09-05,NA,2022-11-27,176,190,200,239,253,282
"F2",36,"C","LV3",8,5,NA,NA,NA,NA,NA,2023-02-17,NA,2022-11-27,NA,NA,NA,NA,NA,82
"F2",36,"D","CC",7,1,NA,NA,NA,NA,NA,2023-01-20,NA,2022-11-27,NA,NA,NA,NA,NA,54
"F2",37,"C","LV3",3,2,NA,NA,NA,NA,NA,2023-02-17,NA,2022-11-27,NA,NA,NA,NA,NA,82
"F2",37,"D","LV3",5,13,NA,NA,NA,NA,NA,2023-02-10,NA,2022-11-27,NA,NA,NA,NA,NA,75
"F2",38,"C","SQ2",5,5,NA,NA,NA,NA,NA,2023-04-10,NA,2022-11-27,NA,NA,NA,NA,NA,134
"F2",38,"D","SQ3",3,2,NA,NA,NA,NA,NA,2023-03-03,NA,2022-11-27,NA,NA,NA,NA,NA,96
"F2",39,"C","CP2",4,6,NA,NA,NA,NA,NA,2023-03-24,NA,2022-11-27,NA,NA,NA,NA,NA,117
"F2",39,"D","IH",7,5,NA,NA,NA,NA,NA,2023-01-12,NA,2022-11-27,NA,NA,NA,NA,NA,46
"F2",40,"C","DPR",7,4,2023-03-17,NA,NA,NA,NA,2023-04-10,NA,2022-11-27,110,NA,NA,NA,NA,134
"F2",40,"D","TM2",1,4,2023-03-17,2023-04-17,2023-05-11,2023-06-01,2023-06-12,2023-06-15,NA,2022-11-27,110,141,165,186,197,200
"F2",41,"C","FR",5,13,NA,NA,NA,NA,NA,2023-03-24,NA,2022-11-27,NA,NA,NA,NA,NA,117
"F2",41,"D","CP2",9,3,NA,NA,NA,NA,NA,2023-02-10,NA,2022-11-27,NA,NA,NA,NA,NA,75
"F2",42,"C","buffer",NA,NA,NA,NA,NA,NA,NA,NA,NA,2022-11-27,NA,NA,NA,NA,NA,NA
"F2",42,"D","buffer",NA,NA,NA,NA,NA,NA,NA,NA,NA,2022-11-27,NA,NA,NA,NA,NA,NA
"F2",43,"C","buffer",NA,NA,NA,NA,NA,NA,NA,NA,NA,2022-11-27,NA,NA,NA,NA,NA,NA
"F2",43,"D","buffer",NA,NA,NA,NA,NA,NA,NA,NA,NA,2022-11-27,NA,NA,NA,NA,NA,NA
"H1",1,"A","buffer",NA,NA,NA,NA,NA,NA,NA,NA,NA,2022-11-27,NA,NA,NA,NA,NA,NA
"H1",1,"B","buffer",NA,NA,NA,NA,NA,NA,NA,NA,NA,2022-11-27,NA,NA,NA,NA,NA,NA
"H1",2,"A","buffer",NA,NA,NA,NA,NA,NA,NA,NA,NA,2022-11-27,NA,NA,NA,NA,NA,NA
"H1",2,"B","buffer",NA,NA,NA,NA,NA,NA,NA,NA,NA,2022-11-27,NA,NA,NA,NA,NA,NA
"H1",3,"A","BH",7,8,NA,NA,NA,NA,NA,2023-01-06,NA,2022-11-27,NA,NA,NA,NA,NA,40
"H1",3,"B","SQ2",1,10,NA,NA,NA,NA,NA,2023-01-20,NA,2022-11-27,NA,NA,NA,NA,NA,54
"H1",4,"A","YO7",2,9,NA,NA,NA,NA,NA,2023-03-03,NA,2022-11-27,NA,NA,NA,NA,NA,96
"H1",4,"B","BH",2,12,2023-05-30,NA,NA,NA,NA,2023-06-23,NA,2022-11-27,184,NA,NA,NA,NA,208
"H1",5,"A","SQ1",7,15,NA,NA,NA,NA,NA,2023-04-24,NA,2022-11-27,NA,NA,NA,NA,NA,148
"H1",5,"B","SC",4,2,2023-05-11,NA,NA,NA,NA,2023-06-23,NA,2022-11-27,165,NA,NA,NA,NA,208
"H1",6,"A","WL1",6,24,NA,NA,NA,NA,NA,2023-03-31,NA,2022-11-27,NA,NA,NA,NA,NA,124
"H1",6,"B","LV3",5,2,NA,NA,NA,NA,NA,2023-03-17,NA,2022-11-27,NA,NA,NA,NA,NA,110
"H1",7,"A","WR",2,7,NA,NA,NA,NA,NA,2023-03-24,NA,2022-11-27,NA,NA,NA,NA,NA,117
"H1",7,"B","SQ1",1,2,NA,NA,NA,NA,NA,2023-03-24,NA,2022-11-27,NA,NA,NA,NA,NA,117
"H1",8,"A","LV3",4,2,NA,NA,NA,NA,NA,2023-03-17,NA,2022-11-27,NA,NA,NA,NA,NA,110
"H1",8,"B","BH",3,9,NA,NA,NA,NA,NA,2023-09-05,NA,2022-11-27,NA,NA,NA,NA,NA,282
"H1",9,"A","WL1",6,8,NA,NA,NA,NA,NA,2023-04-24,NA,2022-11-27,NA,NA,NA,NA,NA,148
"H1",9,"B","LV3",7,5,NA,NA,NA,NA,NA,2023-01-27,NA,2022-11-27,NA,NA,NA,NA,NA,61
"H1",10,"A","WL2",4,4,NA,NA,NA,NA,NA,2023-07-17,NA,2022-11-27,NA,NA,NA,NA,NA,232
"H1",10,"B","WL1",1,24,NA,NA,NA,NA,NA,2023-03-24,NA,2022-11-27,NA,NA,NA,NA,NA,117
"H1",11,"A","WL1",2,4,NA,NA,NA,NA,NA,2023-03-31,NA,2022-11-27,NA,NA,NA,NA,NA,124
"H1",11,"B","CC",7,2,NA,NA,NA,NA,NA,2023-05-01,NA,2022-11-27,NA,NA,NA,NA,NA,155
"H1",12,"A","YO8",3,5,NA,NA,NA,NA,NA,2023-03-24,NA,2022-11-27,NA,NA,NA,NA,NA,117
"H1",12,"B","FR",2,8,2023-04-17,NA,NA,NA,NA,2023-05-22,NA,2022-11-27,141,NA,NA,NA,NA,176
"H1",13,"A","LVTR1",3,10,NA,NA,NA,NA,NA,2023-04-10,NA,2022-11-27,NA,NA,NA,NA,NA,134
"H1",13,"B","CP2",3,3,NA,NA,NA,NA,NA,2023-06-05,NA,2022-11-27,NA,NA,NA,NA,NA,190
"H1",14,"A","BH",5,3,NA,NA,NA,NA,NA,2023-07-06,NA,2022-11-27,NA,NA,NA,NA,NA,221
"H1",14,"B","WL1",5,11,NA,NA,NA,NA,NA,2023-02-24,NA,2022-11-27,NA,NA,NA,NA,NA,89
"H1",15,"A","CP2",8,1,NA,NA,NA,NA,NA,2023-02-17,NA,2022-11-27,NA,NA,NA,NA,NA,82
"H1",15,"B","CC",3,3,2023-04-10,NA,NA,NA,NA,2023-05-08,NA,2022-11-27,134,NA,NA,NA,NA,162
"H1",16,"A","CC",4,10,2023-04-17,NA,NA,NA,NA,2023-05-22,NA,2022-11-27,141,NA,NA,NA,NA,176
"H1",16,"B","CC",6,6,NA,NA,NA,NA,NA,2023-02-17,NA,2022-11-27,NA,NA,NA,NA,NA,82
"H1",17,"A","BH",4,6,NA,NA,NA,NA,NA,2023-03-24,NA,2022-11-27,NA,NA,NA,NA,NA,117
"H1",17,"B","DPR",5,2,2023-03-22,2023-04-13,NA,NA,NA,2023-05-22,NA,2022-11-27,115,137,NA,NA,NA,176
"H1",18,"A","FR",1,11,NA,NA,NA,NA,NA,2023-03-24,NA,2022-11-27,NA,NA,NA,NA,NA,117
"H1",18,"B","BH",5,18,NA,NA,NA,NA,NA,2023-03-24,NA,2022-11-27,NA,NA,NA,NA,NA,117
"H1",19,"A","TM2",5,1,2023-03-17,2023-04-13,2023-04-24,2023-05-18,NA,2023-05-22,NA,2022-11-27,110,137,148,172,NA,176
"H1",19,"B","SQ1",7,7,NA,NA,NA,NA,NA,2023-02-17,NA,2022-11-27,NA,NA,NA,NA,NA,82
"H1",20,"A","FR",6,3,NA,NA,NA,NA,NA,2023-03-24,NA,2022-11-27,NA,NA,NA,NA,NA,117
"H1",20,"B","IH",1,9,NA,NA,NA,NA,NA,2023-04-24,NA,2022-11-27,NA,NA,NA,NA,NA,148
"H2",21,"A","CC",3,5,NA,NA,NA,NA,NA,2023-02-17,NA,2022-11-27,NA,NA,NA,NA,NA,82
"H2",21,"B","buffer",NA,NA,NA,NA,NA,NA,NA,NA,NA,2022-11-27,NA,NA,NA,NA,NA,NA
"H2",22,"A","SQ2",8,3,NA,NA,NA,NA,NA,2023-02-10,NA,2022-11-27,NA,NA,NA,NA,NA,75
"H2",22,"B","IH",1,11,NA,NA,NA,NA,NA,2023-01-06,NA,2022-11-27,NA,NA,NA,NA,NA,40
"H2",23,"A","YO7",2,3,NA,NA,NA,NA,NA,2023-03-10,NA,2022-11-27,NA,NA,NA,NA,NA,103
"H2",23,"B","WL1",1,15,NA,NA,NA,NA,NA,2023-03-31,NA,2022-11-27,NA,NA,NA,NA,NA,124
"H2",24,"A","WR",1,1,NA,NA,NA,NA,NA,2023-02-17,NA,2022-11-27,NA,NA,NA,NA,NA,82
"H2",24,"B","BH",5,29,2023-05-05,2023-05-18,2023-05-22,2023-06-23,2023-06-29,2023-09-05,NA,2022-11-27,159,172,176,208,214,282
"H2",25,"A","IH",4,5,NA,NA,NA,NA,NA,2023-05-15,NA,2022-11-27,NA,NA,NA,NA,NA,169
"H2",25,"B","WL1",7,20,NA,NA,NA,NA,NA,2023-02-10,NA,2022-11-27,NA,NA,NA,NA,NA,75
"H2",26,"A","DPR",4,13,NA,NA,NA,NA,NA,2023-02-17,NA,2022-11-27,NA,NA,NA,NA,NA,82
"H2",26,"B","LV3",1,14,NA,NA,NA,NA,NA,2023-03-24,NA,2022-11-27,NA,NA,NA,NA,NA,117
"H2",27,"A","BH",5,4,NA,NA,NA,NA,NA,2023-03-03,NA,2022-11-27,NA,NA,NA,NA,NA,96
"H2",27,"B","SQ1",4,2,NA,NA,NA,NA,NA,2023-02-17,NA,2022-11-27,NA,NA,NA,NA,NA,82
"H2",28,"A","WL1",1,8,NA,NA,NA,NA,NA,2023-01-27,NA,2022-11-27,NA,NA,NA,NA,NA,61
"H2",28,"B","SC",5,4,NA,NA,NA,NA,NA,2023-03-24,NA,2022-11-27,NA,NA,NA,NA,NA,117
"H2",29,"A","IH",7,14,NA,NA,NA,NA,NA,2023-10-16,NA,2022-11-27,NA,NA,NA,NA,NA,323
"H2",29,"B","BH",5,19,NA,NA,NA,NA,NA,2023-03-24,NA,2022-11-27,NA,NA,NA,NA,NA,117
"H2",30,"A","WL1",2,5,NA,NA,NA,NA,NA,2023-01-12,NA,2022-11-27,NA,NA,NA,NA,NA,46
"H2",30,"B","WL1",1,25,NA,NA,NA,NA,NA,2023-04-17,NA,2022-11-27,NA,NA,NA,NA,NA,141
"H2",31,"A","SQ1",7,8,NA,NA,NA,NA,NA,2023-03-03,NA,2022-11-27,NA,NA,NA,NA,NA,96
"H2",31,"B","YO8",3,6,NA,NA,NA,NA,NA,2023-04-17,NA,2022-11-27,NA,NA,NA,NA,NA,141
"H2",32,"A","YO11",2,3,NA,NA,NA,NA,NA,2023-01-12,NA,2022-11-27,NA,NA,NA,NA,NA,46
"H2",32,"B","SQ2",1,13,NA,NA,NA,NA,NA,2023-02-10,NA,2022-11-27,NA,NA,NA,NA,NA,75
"H2",33,"A","BH",3,10,NA,NA,NA,NA,NA,2023-02-03,NA,2022-11-27,NA,NA,NA,NA,NA,68
"H2",33,"B","BH",4,7,NA,NA,NA,NA,NA,2023-09-05,NA,2022-11-27,NA,NA,NA,NA,NA,282
"H2",34,"A","SC",4,3,NA,NA,NA,NA,NA,2023-02-17,NA,2022-11-27,NA,NA,NA,NA,NA,82
"H2",34,"B","CC",4,7,NA,NA,NA,NA,NA,2023-03-31,NA,2022-11-27,NA,NA,NA,NA,NA,124
"H2",35,"A","TM2",5,5,NA,NA,NA,NA,NA,2023-03-24,NA,2022-11-27,NA,NA,NA,NA,NA,117
"H2",35,"B","CC",6,5,NA,NA,NA,NA,NA,2023-01-12,NA,2022-11-27,NA,NA,NA,NA,NA,46
"H2",36,"A","LV3",1,1,NA,NA,NA,NA,NA,2023-01-06,NA,2022-11-27,NA,NA,NA,NA,NA,40
"H2",36,"B","TM2",3,1,2023-03-22,2023-04-17,2023-04-24,2023-05-15,2023-06-05,2023-06-15,NA,2022-11-27,115,141,148,169,190,200
"H2",37,"A","LV3",6,4,NA,NA,NA,NA,NA,2023-02-17,NA,2022-11-27,NA,NA,NA,NA,NA,82
"H2",37,"B","FR",6,7,NA,NA,NA,NA,NA,2023-02-17,NA,2022-11-27,NA,NA,NA,NA,NA,82
"H2",38,"A","CP3",5,9,NA,NA,NA,NA,NA,2023-02-03,NA,2022-11-27,NA,NA,NA,NA,NA,68
"H2",38,"B","FR",3,5,NA,NA,NA,NA,NA,2023-02-17,NA,2022-11-27,NA,NA,NA,NA,NA,82
"H2",39,"A","BH",7,9,NA,NA,NA,NA,NA,2023-02-10,NA,2022-11-27,NA,NA,NA,NA,NA,75
"H2",39,"B","BH",6,2,NA,NA,NA,NA,NA,2023-03-24,NA,2022-11-27,NA,NA,NA,NA,NA,117
"H2",40,"A","buffer",NA,NA,NA,NA,NA,NA,NA,NA,NA,2022-11-27,NA,NA,NA,NA,NA,NA
"H2",40,"B","buffer",NA,NA,NA,NA,NA,NA,NA,NA,NA,2022-11-27,NA,NA,NA,NA,NA,NA
"H2",41,"A","buffer",NA,NA,NA,NA,NA,NA,NA,NA,NA,2022-11-27,NA,NA,NA,NA,NA,NA
"H2",41,"B","buffer",NA,NA,NA,NA,NA,NA,NA,NA,NA,2022-11-27,NA,NA,NA,NA,NA,NA
"H1",1,"C","buffer",NA,NA,NA,NA,NA,NA,NA,NA,NA,2022-11-27,NA,NA,NA,NA,NA,NA
"H1",1,"D","buffer",NA,NA,NA,NA,NA,NA,NA,NA,NA,2022-11-27,NA,NA,NA,NA,NA,NA
"H1",2,"C","buffer",NA,NA,NA,NA,NA,NA,NA,NA,NA,2022-11-27,NA,NA,NA,NA,NA,NA
"H1",2,"D","buffer",NA,NA,NA,NA,NA,NA,NA,NA,NA,2022-11-27,NA,NA,NA,NA,NA,NA
"H1",3,"C","WL1",1,14,NA,NA,NA,NA,NA,2023-03-03,NA,2022-11-27,NA,NA,NA,NA,NA,96
"H1",3,"D","IH",4,4,NA,NA,NA,NA,NA,2023-01-20,NA,2022-11-27,NA,NA,NA,NA,NA,54
"H1",4,"C","SC",6,2,NA,NA,NA,NA,NA,2023-02-17,NA,2022-11-27,NA,NA,NA,NA,NA,82
"H1",4,"D","WL2",3,7,NA,NA,NA,NA,NA,2023-04-10,NA,2022-11-27,NA,NA,NA,NA,NA,134
"H1",5,"C","BH",5,28,NA,NA,NA,NA,NA,2023-03-17,NA,2022-11-27,NA,NA,NA,NA,NA,110
"H1",5,"D","SQ2",6,7,NA,NA,NA,NA,NA,2023-02-17,NA,2022-11-27,NA,NA,NA,NA,NA,82
"H1",6,"C","TM2",1,5,2023-03-22,NA,NA,NA,NA,2023-05-08,NA,2022-11-27,115,NA,NA,NA,NA,162
"H1",6,"D","LV3",4,1,NA,NA,NA,NA,NA,2023-03-17,NA,2022-11-27,NA,NA,NA,NA,NA,110
"H1",7,"C","DPR",2,10,NA,NA,NA,NA,NA,2023-04-10,NA,2022-11-27,NA,NA,NA,NA,NA,134
"H1",7,"D","CP3",9,1,NA,NA,NA,NA,NA,2022-12-13,NA,2022-11-27,NA,NA,NA,NA,NA,16
"H1",8,"C","SQ1",6,7,NA,NA,NA,NA,NA,2023-03-31,NA,2022-11-27,NA,NA,NA,NA,NA,124
"H1",8,"D","YO11",5,13,NA,NA,NA,NA,NA,2023-04-03,NA,2022-11-27,NA,NA,NA,NA,NA,127
"H1",9,"C","IH",4,22,NA,NA,NA,NA,NA,2023-01-12,NA,2022-11-27,NA,NA,NA,NA,NA,46
"H1",9,"D","CC",2,2,NA,NA,NA,NA,NA,2023-03-03,NA,2022-11-27,NA,NA,NA,NA,NA,96
"H1",10,"C","BH",6,11,NA,NA,NA,NA,NA,2023-07-10,NA,2022-11-27,NA,NA,NA,NA,NA,225
"H1",10,"D","WL1",7,5,NA,NA,NA,NA,NA,2023-05-08,NA,2022-11-27,NA,NA,NA,NA,NA,162
"H1",11,"C","WL1",1,7,NA,NA,NA,NA,NA,2023-04-10,NA,2022-11-27,NA,NA,NA,NA,NA,134
"H1",11,"D","WL1",4,4,NA,NA,NA,NA,NA,2023-05-08,NA,2022-11-27,NA,NA,NA,NA,NA,162
"H1",12,"C","SQ1",2,5,NA,NA,NA,NA,NA,2023-05-08,NA,2022-11-27,NA,NA,NA,NA,NA,162
"H1",12,"D","SQ3",7,7,NA,NA,NA,NA,NA,2023-02-17,NA,2022-11-27,NA,NA,NA,NA,NA,82
"H1",13,"C","WL1",6,14,NA,NA,NA,NA,NA,2023-01-06,NA,2022-11-27,NA,NA,NA,NA,NA,40
"H1",13,"D","YO7",8,2,NA,NA,NA,NA,NA,2023-03-24,NA,2022-11-27,NA,NA,NA,NA,NA,117
"H1",14,"C","LV3",8,2,NA,NA,NA,NA,NA,2023-03-24,NA,2022-11-27,NA,NA,NA,NA,NA,117
"H1",14,"D","SC",5,3,NA,NA,NA,NA,NA,2023-09-05,NA,2022-11-27,NA,NA,NA,NA,NA,282
"H1",15,"C","CP2",3,10,2023-05-18,2023-05-25,2023-05-30,2023-07-17,2023-08-07,2023-09-05,NA,2022-11-27,172,179,184,232,253,282
"H1",15,"D","BH",5,13,NA,NA,NA,NA,NA,2023-04-03,NA,2022-11-27,NA,NA,NA,NA,NA,127
"H1",16,"C","CP2",10,2,NA,NA,NA,NA,NA,2023-03-24,NA,2022-11-27,NA,NA,NA,NA,NA,117
"H1",16,"D","IH",7,6,NA,NA,NA,NA,NA,2023-05-15,NA,2022-11-27,NA,NA,NA,NA,NA,169
"H1",17,"C","BH",2,2,NA,NA,NA,NA,NA,2023-02-17,NA,2022-11-27,NA,NA,NA,NA,NA,82
"H1",17,"D","TM2",2,13,NA,NA,NA,NA,NA,2023-03-03,NA,2022-11-27,NA,NA,NA,NA,NA,96
"H1",18,"C","LV3",1,10,NA,NA,NA,NA,NA,2023-02-17,NA,2022-11-27,NA,NA,NA,NA,NA,82
"H1",18,"D","WL1",7,19,NA,NA,NA,NA,NA,2023-02-17,NA,2022-11-27,NA,NA,NA,NA,NA,82
"H1",19,"C","BH",7,21,NA,NA,NA,NA,NA,2023-04-17,NA,2022-11-27,NA,NA,NA,NA,NA,141
"H1",19,"D","LV1",4,5,NA,NA,NA,NA,NA,2023-03-03,NA,2022-11-27,NA,NA,NA,NA,NA,96
"H1",20,"C","buffer",NA,NA,NA,NA,NA,NA,NA,NA,NA,2022-11-27,NA,NA,NA,NA,NA,NA
"H1",20,"D","buffer",NA,NA,NA,NA,NA,NA,NA,NA,NA,2022-11-27,NA,NA,NA,NA,NA,NA
"H2",21,"C","buffer",NA,NA,NA,NA,NA,NA,NA,NA,NA,2022-11-27,NA,NA,NA,NA,NA,NA
"H2",21,"D","WL1",6,25,NA,NA,NA,NA,NA,2023-02-10,NA,2022-11-27,NA,NA,NA,NA,NA,75
"H2",22,"C","LV3",2,2,NA,NA,NA,NA,NA,2023-01-20,NA,2022-11-27,NA,NA,NA,NA,NA,54
"H2",22,"D","BH",2,3,NA,NA,NA,NA,NA,2023-03-31,NA,2022-11-27,NA,NA,NA,NA,NA,124
"H2",23,"C","BH",7,22,NA,NA,NA,NA,NA,2023-06-05,NA,2022-11-27,NA,NA,NA,NA,NA,190
"H2",23,"D","WL1",6,9,NA,NA,NA,NA,NA,2023-03-03,NA,2022-11-27,NA,NA,NA,NA,NA,96
"H2",24,"C","LV3",8,6,NA,NA,NA,NA,NA,2023-04-10,NA,2022-11-27,NA,NA,NA,NA,NA,134
"H2",24,"D","YO8",7,9,NA,NA,NA,NA,NA,2023-01-20,NA,2022-11-27,NA,NA,NA,NA,NA,54
"H2",25,"C","DPR",2,6,2023-03-22,NA,NA,NA,NA,2023-05-01,NA,2022-11-27,115,NA,NA,NA,NA,155
"H2",25,"D","WL2",4,5,NA,NA,NA,NA,NA,2023-01-20,NA,2022-11-27,NA,NA,NA,NA,NA,54
"H2",26,"C","WL1",4,5,NA,NA,NA,NA,NA,2023-02-24,NA,2022-11-27,NA,NA,NA,NA,NA,89
"H2",26,"D","SQ2",6,8,NA,NA,NA,NA,NA,2023-02-10,NA,2022-11-27,NA,NA,NA,NA,NA,75
"H2",27,"C","LV3",1,11,NA,NA,NA,NA,NA,2023-01-27,NA,2022-11-27,NA,NA,NA,NA,NA,61
"H2",27,"D","BH",6,12,NA,NA,NA,NA,NA,2023-03-03,NA,2022-11-27,NA,NA,NA,NA,NA,96
"H2",28,"C","WL1",3,1,NA,NA,NA,NA,NA,2023-02-24,NA,2022-11-27,NA,NA,NA,NA,NA,89
"H2",28,"D","SQ1",1,3,NA,NA,NA,NA,NA,2023-02-17,NA,2022-11-27,NA,NA,NA,NA,NA,82
"H2",29,"C","FR",1,13,NA,NA,NA,NA,NA,2023-03-17,NA,2022-11-27,NA,NA,NA,NA,NA,110
"H2",29,"D","LV3",7,6,NA,NA,NA,NA,NA,2023-04-10,NA,2022-11-27,NA,NA,NA,NA,NA,134
"H2",30,"C","WL2",1,8,NA,NA,NA,NA,NA,2023-01-12,NA,2022-11-27,NA,NA,NA,NA,NA,46
"H2",30,"D","TM2",1,6,2023-03-22,NA,NA,NA,NA,2023-05-15,NA,2022-11-27,115,NA,NA,NA,NA,169
"H2",31,"C","CP2",6,10,NA,NA,NA,NA,NA,2023-02-24,NA,2022-11-27,NA,NA,NA,NA,NA,89
"H2",31,"D","YO11",7,1,NA,NA,NA,NA,NA,2023-02-03,NA,2022-11-27,NA,NA,NA,NA,NA,68
"H2",32,"C","SC",6,3,2023-04-27,2023-05-11,2023-05-22,2023-06-05,NA,2023-06-23,NA,2022-11-27,151,165,176,190,NA,208
"H2",32,"D","CP2",3,4,NA,NA,NA,NA,NA,2023-03-10,NA,2022-11-27,NA,NA,NA,NA,NA,103
"H2",33,"C","LVTR1",3,12,NA,NA,NA,NA,NA,2023-03-03,NA,2022-11-27,NA,NA,NA,NA,NA,96
"H2",33,"D","FR",6,4,NA,NA,NA,NA,NA,2023-02-17,NA,2022-11-27,NA,NA,NA,NA,NA,82
"H2",34,"C","CP2",3,6,NA,NA,NA,NA,NA,2023-03-10,NA,2022-11-27,NA,NA,NA,NA,NA,103
"H2",34,"D","LV3",5,3,NA,NA,NA,NA,NA,2023-03-03,NA,2022-11-27,NA,NA,NA,NA,NA,96
"H2",35,"C","BH",2,13,NA,NA,NA,NA,NA,2023-04-17,NA,2022-11-27,NA,NA,NA,NA,NA,141
"H2",35,"D","SQ1",7,16,NA,NA,NA,NA,NA,2023-02-10,NA,2022-11-27,NA,NA,NA,NA,NA,75
"H2",36,"C","CC",2,1,NA,NA,NA,NA,NA,2023-04-03,NA,2022-11-27,NA,NA,NA,NA,NA,127
"H2",36,"D","WL2",5,3,NA,NA,NA,NA,NA,2023-02-10,NA,2022-11-27,NA,NA,NA,NA,NA,75
"H2",37,"C","CP2",9,1,NA,NA,NA,NA,NA,2023-02-10,NA,2022-11-27,NA,NA,NA,NA,NA,75
"H2",37,"D","IH",7,7,NA,NA,NA,NA,NA,2023-03-03,NA,2022-11-27,NA,NA,NA,NA,NA,96
"H2",38,"C","WL1",7,6,NA,NA,NA,NA,NA,2023-02-17,NA,2022-11-27,NA,NA,NA,NA,NA,82
"H2",38,"D","SQ3",6,10,NA,NA,NA,NA,NA,2023-03-10,NA,2022-11-27,NA,NA,NA,NA,NA,103
"H2",39,"C","WL1",6,15,NA,NA,NA,NA,NA,2023-01-20,NA,2022-11-27,NA,NA,NA,NA,NA,54
"H2",39,"D","SC",2,11,NA,NA,NA,NA,NA,2023-02-10,NA,2022-11-27,NA,NA,NA,NA,NA,75
"H2",40,"C","buffer",NA,NA,NA,NA,NA,NA,NA,NA,NA,2022-11-27,NA,NA,NA,NA,NA,NA
"H2",40,"D","buffer",NA,NA,NA,NA,NA,NA,NA,NA,NA,2022-11-27,NA,NA,NA,NA,NA,NA
"H2",41,"C","buffer",NA,NA,NA,NA,NA,NA,NA,NA,NA,2022-11-27,NA,NA,NA,NA,NA,NA
"H2",41,"D","buffer",NA,NA,NA,NA,NA,NA,NA,NA,NA,2022-11-27,NA,NA,NA,NA,NA,NA
"J1",0,"A","buffer",NA,NA,NA,NA,NA,NA,NA,NA,NA,2022-11-27,NA,NA,NA,NA,NA,NA
"J1",1,"A","buffer",NA,NA,NA,NA,NA,NA,NA,NA,NA,2022-11-27,NA,NA,NA,NA,NA,NA
"J1",1,"B","buffer",NA,NA,NA,NA,NA,NA,NA,NA,NA,2022-11-27,NA,NA,NA,NA,NA,NA
"J1",2,"A","buffer",NA,NA,NA,NA,NA,NA,NA,NA,NA,2022-11-27,NA,NA,NA,NA,NA,NA
"J1",2,"B","buffer",NA,NA,NA,NA,NA,NA,NA,NA,NA,2022-11-27,NA,NA,NA,NA,NA,NA
"J1",3,"A","WL1",6,26,NA,NA,NA,NA,NA,2023-04-10,NA,2022-11-27,NA,NA,NA,NA,NA,134
"J1",3,"B","BH",6,13,NA,NA,NA,NA,NA,2023-02-10,NA,2022-11-27,NA,NA,NA,NA,NA,75
"J1",4,"A","SQ1",7,9,NA,NA,NA,NA,NA,2023-04-03,NA,2022-11-27,NA,NA,NA,NA,NA,127
"J1",4,"B","BH",2,4,NA,NA,NA,NA,NA,2023-05-15,NA,2022-11-27,NA,NA,NA,NA,NA,169
"J1",5,"A","LV3",6,7,NA,NA,NA,NA,NA,2023-03-24,NA,2022-11-27,NA,NA,NA,NA,NA,117
"J1",5,"B","TM2",3,10,2023-03-31,2023-04-24,2023-04-27,2023-06-01,2023-06-15,2023-06-23,NA,2022-11-27,124,148,151,186,200,208
"J1",6,"A","WL1",1,26,NA,NA,NA,NA,NA,2023-02-17,NA,2022-11-27,NA,NA,NA,NA,NA,82
"J1",6,"B","DPR",6,10,2023-03-31,2023-04-17,NA,NA,NA,2023-05-08,NA,2022-11-27,124,141,NA,NA,NA,162
"J1",7,"A","SQ1",1,4,NA,NA,NA,NA,NA,2023-02-17,NA,2022-11-27,NA,NA,NA,NA,NA,82
"J1",7,"B","SQ1",2,3,NA,NA,NA,NA,NA,2023-03-10,NA,2022-11-27,NA,NA,NA,NA,NA,103
"J1",8,"A","TM2",4,10,NA,NA,NA,NA,NA,2023-04-17,NA,2022-11-27,NA,NA,NA,NA,NA,141
"J1",8,"B","FR",1,1,NA,NA,NA,NA,NA,2023-04-17,NA,2022-11-27,NA,NA,NA,NA,NA,141
"J1",9,"A","YO11",6,13,NA,NA,NA,NA,NA,2022-12-13,NA,2022-11-27,NA,NA,NA,NA,NA,16
"J1",9,"B","SC",4,4,NA,NA,NA,NA,NA,2023-04-03,NA,2022-11-27,NA,NA,NA,NA,NA,127
"J1",10,"A","CC",3,2,NA,NA,NA,NA,NA,2023-02-24,NA,2022-11-27,NA,NA,NA,NA,NA,89
"J1",10,"B","SC",5,5,NA,NA,NA,NA,NA,2023-02-17,NA,2022-11-27,NA,NA,NA,NA,NA,82
"J1",11,"A","LV3",6,13,NA,NA,NA,NA,NA,2023-04-10,NA,2022-11-27,NA,NA,NA,NA,NA,134
"J1",11,"B","FR",2,11,NA,NA,NA,NA,NA,2023-02-17,NA,2022-11-27,NA,NA,NA,NA,NA,82
"J1",12,"A","WL2",5,8,NA,NA,NA,NA,NA,2022-11-30,NA,2022-11-27,NA,NA,NA,NA,NA,3
"J1",12,"B","CC",4,4,NA,NA,NA,NA,NA,2023-04-24,NA,2022-11-27,NA,NA,NA,NA,NA,148
"J1",13,"A","SQ1",7,17,NA,NA,NA,NA,NA,2023-05-08,NA,2022-11-27,NA,NA,NA,NA,NA,162
"J1",13,"B","IH",6,13,NA,NA,NA,NA,NA,2023-08-07,NA,2022-11-27,NA,NA,NA,NA,NA,253
"J1",14,"A","WL1",1,16,NA,NA,NA,NA,NA,2023-02-10,NA,2022-11-27,NA,NA,NA,NA,NA,75
"J1",14,"B","IH",4,6,NA,NA,NA,NA,NA,2023-03-03,NA,2022-11-27,NA,NA,NA,NA,NA,96
"J1",15,"A","WL1",3,12,NA,NA,NA,NA,NA,2023-02-10,NA,2022-11-27,NA,NA,NA,NA,NA,75
"J1",15,"B","YO4",1,1,NA,NA,NA,NA,NA,2023-02-10,NA,2022-11-27,NA,NA,NA,NA,NA,75
"J1",16,"A","TM2",1,7,NA,NA,NA,NA,NA,2023-02-10,NA,2022-11-27,NA,NA,NA,NA,NA,75
"J1",16,"B","SC",6,4,NA,NA,NA,NA,NA,2023-04-10,NA,2022-11-27,NA,NA,NA,NA,NA,134
"J1",17,"A","WL1",4,6,NA,NA,NA,NA,NA,2023-03-24,NA,2022-11-27,NA,NA,NA,NA,NA,117
"J1",17,"B","LV3",2,7,NA,NA,NA,NA,NA,2023-02-10,NA,2022-11-27,NA,NA,NA,NA,NA,75
"J1",18,"A","YO8",7,10,NA,NA,NA,NA,NA,2023-04-10,NA,2022-11-27,NA,NA,NA,NA,NA,134
"J1",18,"B","LVTR1",6,2,NA,NA,NA,NA,NA,2023-02-17,NA,2022-11-27,NA,NA,NA,NA,NA,82
"J1",19,"A","WL2",1,13,NA,NA,NA,NA,NA,2023-04-10,NA,2022-11-27,NA,NA,NA,NA,NA,134
"J1",19,"B","BH",3,11,2023-05-18,NA,NA,NA,NA,2023-07-10,NA,2022-11-27,172,NA,NA,NA,NA,225
"J1",20,"A","LV3",1,12,NA,NA,NA,NA,NA,2023-04-17,NA,2022-11-27,NA,NA,NA,NA,NA,141
"J1",20,"B","BH",7,10,NA,NA,NA,NA,NA,2023-02-10,NA,2022-11-27,NA,NA,NA,NA,NA,75
"J1",21,"A","YO11",3,13,NA,NA,NA,NA,NA,2023-02-17,NA,2022-11-27,NA,NA,NA,NA,NA,82
"J1",21,"B","WL1",6,16,NA,NA,NA,NA,NA,2023-03-31,NA,2022-11-27,NA,NA,NA,NA,NA,124
"J2",22,"A","WL1",7,22,NA,NA,NA,NA,NA,2023-04-10,NA,2022-11-27,NA,NA,NA,NA,NA,134
"J2",22,"B","buffer",NA,NA,NA,NA,NA,NA,NA,NA,NA,2022-11-27,NA,NA,NA,NA,NA,NA
"J2",23,"A","WL1",2,7,NA,NA,NA,NA,NA,2023-04-10,NA,2022-11-27,NA,NA,NA,NA,NA,134
"J2",23,"B","WL1",1,27,NA,NA,NA,NA,NA,2023-03-17,NA,2022-11-27,NA,NA,NA,NA,NA,110
"J2",24,"A","LVTR1",6,11,NA,NA,NA,NA,NA,2023-04-10,NA,2022-11-27,NA,NA,NA,NA,NA,134
"J2",24,"B","IH",4,15,NA,NA,NA,NA,NA,2023-05-22,NA,2022-11-27,NA,NA,NA,NA,NA,176
"J2",25,"A","SC",6,5,NA,NA,NA,NA,NA,2023-08-07,NA,2022-11-27,NA,NA,NA,NA,NA,253
"J2",25,"B","WL1",6,27,NA,NA,NA,NA,NA,2023-03-03,NA,2022-11-27,NA,NA,NA,NA,NA,96
"J2",26,"A","SQ2",8,2,NA,NA,NA,NA,NA,2023-01-27,NA,2022-11-27,NA,NA,NA,NA,NA,61
"J2",26,"B","FR",7,9,NA,NA,NA,NA,NA,2023-03-03,NA,2022-11-27,NA,NA,NA,NA,NA,96
"J2",27,"A","LV3",1,13,NA,NA,NA,NA,NA,2023-03-17,NA,2022-11-27,NA,NA,NA,NA,NA,110
"J2",27,"B","YO7",4,12,NA,NA,NA,NA,NA,2023-04-10,NA,2022-11-27,NA,NA,NA,NA,NA,134
"J2",28,"A","CC",5,6,NA,NA,NA,NA,NA,2023-03-17,NA,2022-11-27,NA,NA,NA,NA,NA,110
"J2",28,"B","WL2",3,4,2023-05-01,2023-05-08,2023-05-22,2023-06-12,2023-06-15,2023-07-17,NA,2022-11-27,155,162,176,197,200,232
"J2",29,"A","IH",4,7,NA,NA,NA,NA,NA,2023-08-07,NA,2022-11-27,NA,NA,NA,NA,NA,253
"J2",29,"B","TM2",1,10,NA,NA,NA,NA,NA,2023-04-17,NA,2022-11-27,NA,NA,NA,NA,NA,141
"J2",30,"A","CP2",7,7,NA,NA,NA,NA,NA,2023-03-31,NA,2022-11-27,NA,NA,NA,NA,NA,124
"J2",30,"B","SQ1",4,13,NA,NA,NA,NA,NA,2023-02-17,NA,2022-11-27,NA,NA,NA,NA,NA,82
"J2",31,"A","TM2",4,12,2023-03-31,2023-04-24,2023-04-27,2023-05-30,2023-06-05,2023-06-23,NA,2022-11-27,124,148,151,184,190,208
"J2",31,"B","FR",4,2,NA,NA,NA,NA,NA,2023-03-03,NA,2022-11-27,NA,NA,NA,NA,NA,96
"J2",32,"A","DPR",2,12,NA,NA,NA,NA,NA,2023-02-10,NA,2022-11-27,NA,NA,NA,NA,NA,75
"J2",32,"B","DPR",6,11,NA,NA,NA,NA,NA,2023-04-03,NA,2022-11-27,NA,NA,NA,NA,NA,127
"J2",33,"A","BH",3,2,NA,NA,NA,NA,NA,2023-05-15,NA,2022-11-27,NA,NA,NA,NA,NA,169
"J2",33,"B","TM2",2,6,2023-03-22,NA,NA,NA,NA,2023-04-10,NA,2022-11-27,115,NA,NA,NA,NA,134
"J2",34,"A","FR",2,2,NA,NA,NA,NA,NA,2023-03-17,NA,2022-11-27,NA,NA,NA,NA,NA,110
"J2",34,"B","WL1",1,17,NA,NA,NA,NA,NA,2023-03-17,NA,2022-11-27,NA,NA,NA,NA,NA,110
"J2",35,"A","LV3",7,9,NA,NA,NA,NA,NA,2023-03-17,NA,2022-11-27,NA,NA,NA,NA,NA,110
"J2",35,"B","LV3",5,6,NA,NA,NA,NA,NA,2023-02-10,NA,2022-11-27,NA,NA,NA,NA,NA,75
"J2",36,"A","TM2",6,1,NA,NA,NA,NA,NA,2023-01-06,NA,2022-11-27,NA,NA,NA,NA,NA,40
"J2",36,"B","BH",5,31,NA,NA,NA,NA,NA,2023-01-06,NA,2022-11-27,NA,NA,NA,NA,NA,40
"J2",37,"A","WL2",4,8,NA,NA,NA,NA,NA,2022-11-30,NA,2022-11-27,NA,NA,NA,NA,NA,3
"J2",37,"B","BH",1,7,2023-04-27,2023-05-15,2023-05-22,2023-06-05,2023-06-05,2023-06-23,NA,2022-11-27,151,169,176,190,190,208
"J2",38,"A","SQ1",7,10,NA,NA,NA,NA,NA,2023-04-24,NA,2022-11-27,NA,NA,NA,NA,NA,148
"J2",38,"B","CC",3,9,NA,NA,NA,NA,NA,2023-03-03,NA,2022-11-27,NA,NA,NA,NA,NA,96
"J2",39,"A","WL1",1,10,NA,NA,NA,NA,NA,2023-03-31,NA,2022-11-27,NA,NA,NA,NA,NA,124
"J2",39,"B","SQ1",1,5,NA,NA,NA,NA,NA,2023-03-10,NA,2022-11-27,NA,NA,NA,NA,NA,103
"J2",40,"A","CP2",3,2,NA,NA,NA,NA,NA,2023-04-03,NA,2022-11-27,NA,NA,NA,NA,NA,127
"J2",40,"B","CP3",6,13,NA,NA,NA,NA,NA,2023-02-03,NA,2022-11-27,NA,NA,NA,NA,NA,68
"J2",41,"A","buffer",NA,NA,NA,NA,NA,NA,NA,NA,NA,2022-11-27,NA,NA,NA,NA,NA,NA
"J2",41,"B","BH",6,4,NA,NA,NA,NA,NA,2023-03-03,NA,2022-11-27,NA,NA,NA,NA,NA,96
"J2",42,"A","buffer",NA,NA,NA,NA,NA,NA,NA,NA,NA,2022-11-27,NA,NA,NA,NA,NA,NA
"J2",42,"B","buffer",NA,NA,NA,NA,NA,NA,NA,NA,NA,2022-11-27,NA,NA,NA,NA,NA,NA
"J2",43,"A","buffer",NA,NA,NA,NA,NA,NA,NA,NA,NA,2022-11-27,NA,NA,NA,NA,NA,NA
"J2",43,"B","buffer",NA,NA,NA,NA,NA,NA,NA,NA,NA,2022-11-27,NA,NA,NA,NA,NA,NA
"J1",0,"C","buffer",NA,NA,NA,NA,NA,NA,NA,NA,NA,2022-11-27,NA,NA,NA,NA,NA,NA
"J1",1,"C","buffer",NA,NA,NA,NA,NA,NA,NA,NA,NA,2022-11-27,NA,NA,NA,NA,NA,NA
"J1",1,"D","buffer",NA,NA,NA,NA,NA,NA,NA,NA,NA,2022-11-27,NA,NA,NA,NA,NA,NA
"J1",2,"C","buffer",NA,NA,NA,NA,NA,NA,NA,NA,NA,2022-11-27,NA,NA,NA,NA,NA,NA
"J1",2,"D","buffer",NA,NA,NA,NA,NA,NA,NA,NA,NA,2022-11-27,NA,NA,NA,NA,NA,NA
"J1",3,"C","SQ3",6,12,NA,NA,NA,NA,NA,2023-03-31,NA,2022-11-27,NA,NA,NA,NA,NA,124
"J1",3,"D","CP2",1,6,NA,NA,NA,NA,NA,2023-07-10,NA,2022-11-27,NA,NA,NA,NA,NA,225
"J1",4,"C","IH",7,8,NA,NA,NA,NA,NA,2023-03-03,NA,2022-11-27,NA,NA,NA,NA,NA,96
"J1",4,"D","BH",6,3,NA,NA,NA,NA,NA,2023-01-20,NA,2022-11-27,NA,NA,NA,NA,NA,54
"J1",5,"C","YO7",5,1,NA,NA,NA,NA,NA,2023-02-10,NA,2022-11-27,NA,NA,NA,NA,NA,75
"J1",5,"D","LV3",1,2,NA,NA,NA,NA,NA,2023-01-06,NA,2022-11-27,NA,NA,NA,NA,NA,40
"J1",6,"C","IH",5,10,NA,NA,NA,NA,NA,2023-02-17,NA,2022-11-27,NA,NA,NA,NA,NA,82
"J1",6,"D","WL1",7,21,NA,NA,NA,NA,NA,2023-03-03,NA,2022-11-27,NA,NA,NA,NA,NA,96
"J1",7,"C","LV3",5,5,NA,NA,NA,NA,NA,2023-03-17,NA,2022-11-27,NA,NA,NA,NA,NA,110
"J1",7,"D","FR",6,2,NA,NA,NA,NA,NA,2023-01-20,NA,2022-11-27,NA,NA,NA,NA,NA,54
"J1",8,"C","WL1",7,7,NA,NA,NA,NA,NA,2022-12-13,NA,2022-11-27,NA,NA,NA,NA,NA,16
"J1",8,"D","CP2",8,3,NA,NA,NA,NA,NA,2023-02-03,NA,2022-11-27,NA,NA,NA,NA,NA,68
"J1",9,"C","BH",5,30,NA,NA,NA,NA,NA,2023-04-24,NA,2022-11-27,NA,NA,NA,NA,NA,148
"J1",9,"D","CC",2,6,NA,NA,NA,NA,NA,2023-03-03,NA,2022-11-27,NA,NA,NA,NA,NA,96
"J1",10,"C","BH",3,1,2023-05-05,2023-05-18,2023-05-25,2023-06-23,2023-06-23,2023-07-06,NA,2022-11-27,159,172,179,208,208,221
"J1",10,"D","IH",4,14,NA,NA,NA,NA,NA,2023-01-06,NA,2022-11-27,NA,NA,NA,NA,NA,40
"J1",11,"C","YO8",7,4,NA,NA,NA,NA,NA,2023-02-17,NA,2022-11-27,NA,NA,NA,NA,NA,82
"J1",11,"D","CP2",7,12,NA,NA,NA,NA,NA,2023-02-10,NA,2022-11-27,NA,NA,NA,NA,NA,75
"J1",12,"C","BH",7,23,NA,NA,NA,NA,NA,2023-01-27,NA,2022-11-27,NA,NA,NA,NA,NA,61
"J1",12,"D","SQ2",7,7,NA,NA,NA,NA,NA,2023-02-17,NA,2022-11-27,NA,NA,NA,NA,NA,82
"J1",13,"C","TM2",6,7,2023-03-17,2023-04-13,2023-04-24,2023-06-01,2023-06-05,2023-06-15,NA,2022-11-27,110,137,148,186,190,200
"J1",13,"D","WR",1,6,NA,NA,NA,NA,NA,2023-01-27,NA,2022-11-27,NA,NA,NA,NA,NA,61
"J1",14,"C","WL1",6,10,NA,NA,NA,NA,NA,2023-03-31,NA,2022-11-27,NA,NA,NA,NA,NA,124
"J1",14,"D","BH",4,8,NA,NA,NA,NA,NA,2023-03-24,NA,2022-11-27,NA,NA,NA,NA,NA,117
"J1",15,"C","WL1",1,9,NA,NA,NA,NA,NA,2023-02-03,NA,2022-11-27,NA,NA,NA,NA,NA,68
"J1",15,"D","CP3",2,7,NA,NA,NA,NA,NA,2023-02-10,NA,2022-11-27,NA,NA,NA,NA,NA,75
"J1",16,"C","CC",6,4,NA,NA,NA,NA,NA,2023-02-17,NA,2022-11-27,NA,NA,NA,NA,NA,82
"J1",16,"D","BH",5,5,NA,NA,NA,NA,NA,2023-02-03,NA,2022-11-27,NA,NA,NA,NA,NA,68
"J1",17,"C","WL2",4,6,NA,NA,NA,NA,NA,2023-02-24,NA,2022-11-27,NA,NA,NA,NA,NA,89
"J1",17,"D","SQ2",6,10,NA,NA,NA,NA,NA,2023-01-20,NA,2022-11-27,NA,NA,NA,NA,NA,54
"J1",18,"C","SC",2,2,NA,NA,NA,NA,NA,2023-02-10,NA,2022-11-27,NA,NA,NA,NA,NA,75
"J1",18,"D","LV3",7,8,NA,NA,NA,NA,NA,2023-03-03,NA,2022-11-27,NA,NA,NA,NA,NA,96
"J1",19,"C","BH",5,20,2023-04-27,2023-05-15,2023-05-18,NA,NA,2023-07-10,NA,2022-11-27,151,169,172,NA,NA,225
"J1",19,"D","LVTR1",7,4,NA,NA,NA,NA,NA,2023-01-20,NA,2022-11-27,NA,NA,NA,NA,NA,54
"J1",20,"C","CP2",3,12,NA,NA,NA,NA,NA,2023-03-31,NA,2022-11-27,NA,NA,NA,NA,NA,124
"J1",20,"D","WL1",2,6,NA,NA,NA,NA,NA,2023-02-03,NA,2022-11-27,NA,NA,NA,NA,NA,68
"J1",21,"C","buffer",NA,NA,NA,NA,NA,NA,NA,NA,NA,2022-11-27,NA,NA,NA,NA,NA,NA
"J1",21,"D","DPR",4,8,NA,NA,NA,NA,NA,2023-02-17,NA,2022-11-27,NA,NA,NA,NA,NA,82
"J2",22,"C","buffer",NA,NA,NA,NA,NA,NA,NA,NA,NA,2022-11-27,NA,NA,NA,NA,NA,NA
"J2",22,"D","buffer",NA,NA,NA,NA,NA,NA,NA,NA,NA,2022-11-27,NA,NA,NA,NA,NA,NA
"J2",23,"C","YO4",4,3,NA,NA,NA,NA,NA,2023-02-03,NA,2022-11-27,NA,NA,NA,NA,NA,68
"J2",23,"D","BH",4,9,2023-05-22,2023-05-30,2023-06-08,2023-06-26,2023-06-29,2023-07-24,NA,2022-11-27,176,184,193,211,214,239
"J2",24,"C","SQ2",6,11,NA,NA,NA,NA,NA,2023-02-03,NA,2022-11-27,NA,NA,NA,NA,NA,68
"J2",24,"D","WL1",5,3,NA,NA,NA,NA,NA,2023-01-06,NA,2022-11-27,NA,NA,NA,NA,NA,40
"J2",25,"C","WL2",5,4,NA,NA,NA,NA,NA,2023-02-10,NA,2022-11-27,NA,NA,NA,NA,NA,75
"J2",25,"D","BH",2,5,2023-05-08,2023-05-22,2023-05-25,2023-07-10,2023-07-17,NA,NA,2022-11-27,162,176,179,225,232,NA
"J2",26,"C","YO8",7,6,NA,NA,NA,NA,NA,2023-03-03,NA,2022-11-27,NA,NA,NA,NA,NA,96
"J2",26,"D","CP2",5,1,NA,NA,NA,NA,NA,2022-12-13,NA,2022-11-27,NA,NA,NA,NA,NA,16
"J2",27,"C","YO7",6,10,NA,NA,NA,NA,NA,2023-02-10,NA,2022-11-27,NA,NA,NA,NA,NA,75
"J2",27,"D","IH",7,9,NA,NA,NA,NA,NA,2023-07-06,NA,2022-11-27,NA,NA,NA,NA,NA,221
"J2",28,"C","SC",4,5,NA,NA,NA,NA,NA,2023-01-20,NA,2022-11-27,NA,NA,NA,NA,NA,54
"J2",28,"D","WL1",6,17,NA,NA,NA,NA,NA,2023-02-17,NA,2022-11-27,NA,NA,NA,NA,NA,82
"J2",29,"C","YO11",2,2,NA,NA,NA,NA,NA,2023-03-24,NA,2022-11-27,NA,NA,NA,NA,NA,117
"J2",29,"D","SQ2",4,2,NA,NA,NA,NA,NA,2023-01-12,NA,2022-11-27,NA,NA,NA,NA,NA,46
"J2",30,"C","BH",4,14,NA,NA,NA,NA,NA,2023-10-16,NA,2022-11-27,NA,NA,NA,NA,NA,323
"J2",30,"D","WL1",4,7,NA,NA,NA,NA,NA,2023-01-20,NA,2022-11-27,NA,NA,NA,NA,NA,54
"J2",31,"C","BH",5,6,NA,NA,NA,NA,NA,2023-03-10,NA,2022-11-27,NA,NA,NA,NA,NA,103
"J2",31,"D","BH",7,14,NA,NA,NA,NA,NA,2023-05-15,NA,2022-11-27,NA,NA,NA,NA,NA,169
"J2",32,"C","WR",1,9,NA,NA,NA,NA,NA,2023-01-20,NA,2022-11-27,NA,NA,NA,NA,NA,54
"J2",32,"D","BH",3,12,NA,NA,NA,NA,NA,NA,NA,2022-11-27,NA,NA,NA,NA,NA,NA
"J2",33,"C","WL1",6,1,NA,NA,NA,NA,NA,2023-01-27,NA,2022-11-27,NA,NA,NA,NA,NA,61
"J2",33,"D","LV3",6,5,NA,NA,NA,NA,NA,2023-03-17,NA,2022-11-27,NA,NA,NA,NA,NA,110
"J2",34,"C","LV3",1,3,NA,NA,NA,NA,NA,2023-02-17,NA,2022-11-27,NA,NA,NA,NA,NA,82
"J2",34,"D","SQ1",7,18,NA,NA,NA,NA,NA,2023-01-12,NA,2022-11-27,NA,NA,NA,NA,NA,46
"J2",35,"C","BH",7,11,NA,NA,NA,NA,NA,2023-02-03,NA,2022-11-27,NA,NA,NA,NA,NA,68
"J2",35,"D","SC",5,7,NA,NA,NA,NA,NA,2023-02-10,NA,2022-11-27,NA,NA,NA,NA,NA,75
"J2",36,"C","CC",5,5,NA,NA,NA,NA,NA,2023-04-17,NA,2022-11-27,NA,NA,NA,NA,NA,141
"J2",36,"D","BH",5,21,NA,NA,NA,NA,NA,2023-03-03,NA,2022-11-27,NA,NA,NA,NA,NA,96
"J2",37,"C","WL1",7,8,NA,NA,NA,NA,NA,2023-03-17,NA,2022-11-27,NA,NA,NA,NA,NA,110
"J2",37,"D","IH",5,11,NA,NA,NA,NA,NA,2023-01-06,NA,2022-11-27,NA,NA,NA,NA,NA,40
"J2",38,"C","LV3",8,4,NA,NA,NA,NA,NA,2023-01-06,NA,2022-11-27,NA,NA,NA,NA,NA,40
"J2",38,"D","LV3",2,6,NA,NA,NA,NA,NA,2023-01-20,NA,2022-11-27,NA,NA,NA,NA,NA,54
"J2",39,"C","CC",2,3,NA,NA,NA,NA,NA,2023-03-10,NA,2022-11-27,NA,NA,NA,NA,NA,103
"J2",39,"D","SQ3",4,10,NA,NA,NA,NA,NA,2022-12-21,NA,2022-11-27,NA,NA,NA,NA,NA,24
"J2",40,"C","FR",5,3,NA,NA,NA,NA,NA,2023-02-10,NA,2022-11-27,NA,NA,NA,NA,NA,75
"J2",40,"D","WL1",6,11,NA,NA,NA,NA,NA,2023-03-03,NA,2022-11-27,NA,NA,NA,NA,NA,96
"J2",41,"C","buffer",NA,NA,NA,NA,NA,NA,NA,NA,NA,2022-11-27,NA,NA,NA,NA,NA,NA
"J2",41,"D","BH",7,1,NA,NA,NA,NA,NA,2022-12-13,NA,2022-11-27,NA,NA,NA,NA,NA,16
"J2",42,"C","buffer",NA,NA,NA,NA,NA,NA,NA,NA,NA,2022-11-27,NA,NA,NA,NA,NA,NA
"J2",42,"D","buffer",NA,NA,NA,NA,NA,NA,NA,NA,NA,2022-11-27,NA,NA,NA,NA,NA,NA
"J2",43,"C","buffer",NA,NA,NA,NA,NA,NA,NA,NA,NA,2022-11-27,NA,NA,NA,NA,NA,NA
"J2",43,"D","buffer",NA,NA,NA,NA,NA,NA,NA,NA,NA,2022-11-27,NA,NA,NA,NA,NA,NA
"L1",1,"A","buffer",NA,NA,NA,NA,NA,NA,NA,NA,NA,2022-11-27,NA,NA,NA,NA,NA,NA
"L1",1,"B","buffer",NA,NA,NA,NA,NA,NA,NA,NA,NA,2022-11-27,NA,NA,NA,NA,NA,NA
"L1",2,"A","buffer",NA,NA,NA,NA,NA,NA,NA,NA,NA,2022-11-27,NA,NA,NA,NA,NA,NA
"L1",2,"B","buffer",NA,NA,NA,NA,NA,NA,NA,NA,NA,2022-11-27,NA,NA,NA,NA,NA,NA
"L1",3,"A","YO11",7,13,NA,NA,NA,NA,NA,2023-02-17,NA,2022-11-27,NA,NA,NA,NA,NA,82
"L1",3,"B","IH",4,8,NA,NA,NA,NA,NA,2023-03-17,NA,2022-11-27,NA,NA,NA,NA,NA,110
"L1",4,"A","SC",5,8,2023-04-13,NA,NA,NA,NA,2023-05-15,NA,2022-11-27,137,NA,NA,NA,NA,169
"L1",4,"B","CP2",2,2,NA,NA,NA,NA,NA,2023-01-06,NA,2022-11-27,NA,NA,NA,NA,NA,40
"L1",5,"A","WL2",3,100,NA,NA,NA,NA,NA,2023-04-10,NA,2022-11-27,NA,NA,NA,NA,NA,134
"L1",5,"B","BH",2,6,NA,NA,NA,NA,NA,2023-04-10,NA,2022-11-27,NA,NA,NA,NA,NA,134
"L1",6,"A","TM2",1,11,NA,NA,NA,NA,NA,2023-03-24,NA,2022-11-27,NA,NA,NA,NA,NA,117
"L1",6,"B","WL1",1,28,NA,NA,NA,NA,NA,2023-02-17,NA,2022-11-27,NA,NA,NA,NA,NA,82
"L1",7,"A","WL1",1,18,NA,NA,NA,NA,NA,2023-02-10,NA,2022-11-27,NA,NA,NA,NA,NA,75
"L1",7,"B","SQ2",5,7,NA,NA,NA,NA,NA,2023-03-17,NA,2022-11-27,NA,NA,NA,NA,NA,110
"L1",8,"A","CC",4,6,NA,NA,NA,NA,NA,2023-03-31,NA,2022-11-27,NA,NA,NA,NA,NA,124
"L1",8,"B","BH",7,2,NA,NA,NA,NA,NA,2023-03-17,NA,2022-11-27,NA,NA,NA,NA,NA,110
"L1",9,"A","WV",4,4,NA,NA,NA,NA,NA,2023-01-27,NA,2022-11-27,NA,NA,NA,NA,NA,61
"L1",9,"B","DPR",3,7,NA,NA,NA,NA,NA,2023-01-12,NA,2022-11-27,NA,NA,NA,NA,NA,46
"L1",10,"A","BH",2,14,2023-06-05,2023-06-15,2023-06-23,2023-07-24,2023-07-24,2023-10-16,NA,2022-11-27,190,200,208,239,239,323
"L1",10,"B","SC",1,9,NA,NA,NA,NA,NA,2023-03-03,NA,2022-11-27,NA,NA,NA,NA,NA,96
"L1",11,"A","CP2",3,8,NA,NA,NA,NA,NA,2023-03-03,NA,2022-11-27,NA,NA,NA,NA,NA,96
"L1",11,"B","BH",3,3,NA,NA,NA,NA,NA,2023-03-17,NA,2022-11-27,NA,NA,NA,NA,NA,110
"L1",12,"A","WL2",4,9,NA,NA,NA,NA,NA,2023-04-10,NA,2022-11-27,NA,NA,NA,NA,NA,134
"L1",12,"B","SC",6,6,NA,NA,NA,NA,NA,2023-03-03,NA,2022-11-27,NA,NA,NA,NA,NA,96
"L1",13,"A","FR",6,12,NA,NA,NA,NA,NA,2023-03-03,NA,2022-11-27,NA,NA,NA,NA,NA,96
"L1",13,"B","SQ1",7,19,NA,NA,NA,NA,NA,2023-02-17,NA,2022-11-27,NA,NA,NA,NA,NA,82
"L1",14,"A","IH",1,7,NA,NA,NA,NA,NA,2023-02-17,NA,2022-11-27,NA,NA,NA,NA,NA,82
"L1",14,"B","YO7",8,3,NA,NA,NA,NA,NA,2023-06-15,NA,2022-11-27,NA,NA,NA,NA,NA,200
"L1",15,"A","BH",5,7,NA,NA,NA,NA,NA,2023-02-10,NA,2022-11-27,NA,NA,NA,NA,NA,75
"L1",15,"B","TM2",3,12,2023-03-22,2023-04-17,2023-04-24,NA,NA,2023-05-01,NA,2022-11-27,115,141,148,NA,NA,155
"L1",16,"A","FR",5,10,NA,NA,NA,NA,NA,2023-02-10,NA,2022-11-27,NA,NA,NA,NA,NA,75
"L1",16,"B","WL1",6,2,NA,NA,NA,NA,NA,2023-02-17,NA,2022-11-27,NA,NA,NA,NA,NA,82
"L1",17,"A","WL1",2,8,NA,NA,NA,NA,NA,2023-01-12,NA,2022-11-27,NA,NA,NA,NA,NA,46
"L1",17,"B","FR",2,1,NA,NA,NA,NA,NA,2023-02-10,NA,2022-11-27,NA,NA,NA,NA,NA,75
"L1",18,"A","TM2",7,11,2023-03-22,2023-04-13,2023-04-24,NA,NA,2023-05-01,NA,2022-11-27,115,137,148,NA,NA,155
"L1",18,"B","LV3",2,4,NA,NA,NA,NA,NA,2023-01-20,NA,2022-11-27,NA,NA,NA,NA,NA,54
"L1",19,"A","LVTR1",5,12,NA,NA,NA,NA,NA,2022-12-13,NA,2022-11-27,NA,NA,NA,NA,NA,16
"L1",19,"B","DPR",4,11,NA,NA,NA,NA,NA,2023-03-03,NA,2022-11-27,NA,NA,NA,NA,NA,96
"L1",20,"A","BH",7,15,NA,NA,NA,NA,NA,2023-03-03,NA,2022-11-27,NA,NA,NA,NA,NA,96
"L1",20,"B","YO11",6,6,NA,NA,NA,NA,NA,2023-01-27,NA,2022-11-27,NA,NA,NA,NA,NA,61
"L1",21,"A","TM2",2,5,NA,NA,NA,NA,NA,2023-03-03,NA,2022-11-27,NA,NA,NA,NA,NA,96
"L1",21,"B","IH",4,16,NA,NA,NA,NA,NA,2023-01-06,NA,2022-11-27,NA,NA,NA,NA,NA,40
"L1",22,"A","LV3",4,6,NA,NA,NA,NA,NA,2023-03-03,NA,2022-11-27,NA,NA,NA,NA,NA,96
"L1",22,"B","WL1",7,23,NA,NA,NA,NA,NA,2023-01-27,NA,2022-11-27,NA,NA,NA,NA,NA,61
"L2",23,"A","buffer",NA,NA,NA,NA,NA,NA,NA,NA,NA,2022-11-27,NA,NA,NA,NA,NA,NA
"L2",23,"B","buffer",NA,NA,NA,NA,NA,NA,NA,NA,NA,2022-11-27,NA,NA,NA,NA,NA,NA
"L2",24,"A","YO8",6,2,NA,NA,NA,NA,NA,2023-01-20,NA,2022-11-27,NA,NA,NA,NA,NA,54
"L2",24,"B","IH",7,1,NA,NA,NA,NA,NA,2023-01-06,NA,2022-11-27,NA,NA,NA,NA,NA,40
"L2",25,"A","CP2",5,10,NA,NA,NA,NA,NA,2023-03-10,NA,2022-11-27,NA,NA,NA,NA,NA,103
"L2",25,"B","WL1",1,19,NA,NA,NA,NA,NA,2023-01-06,NA,2022-11-27,NA,NA,NA,NA,NA,40
"L2",26,"A","SC",4,7,NA,NA,NA,NA,NA,2023-03-24,NA,2022-11-27,NA,NA,NA,NA,NA,117
"L2",26,"B","IH",1,6,NA,NA,NA,NA,NA,2023-01-06,NA,2022-11-27,NA,NA,NA,NA,NA,40
"L2",27,"A","WL1",6,19,NA,NA,NA,NA,NA,2023-01-06,NA,2022-11-27,NA,NA,NA,NA,NA,40
"L2",27,"B","WL1",2,9,NA,NA,NA,NA,NA,2023-01-06,NA,2022-11-27,NA,NA,NA,NA,NA,40
"L2",28,"A","CP2",7,6,NA,NA,NA,NA,NA,2023-02-10,NA,2022-11-27,NA,NA,NA,NA,NA,75
"L2",28,"B","IH",4,17,NA,NA,NA,NA,NA,2023-02-03,NA,2022-11-27,NA,NA,NA,NA,NA,68
"L2",29,"A","CP2",9,4,NA,NA,NA,NA,NA,2023-02-17,NA,2022-11-27,NA,NA,NA,NA,NA,82
"L2",29,"B","WL1",1,2,NA,NA,NA,NA,NA,2023-01-06,NA,2022-11-27,NA,NA,NA,NA,NA,40
"L2",30,"A","TM2",1,12,2023-03-22,2023-04-13,NA,NA,NA,2023-05-08,NA,2022-11-27,115,137,NA,NA,NA,162
"L2",30,"B","YO11",6,9,NA,NA,NA,NA,NA,2023-02-03,NA,2022-11-27,NA,NA,NA,NA,NA,68
"L2",31,"A","WL1",7,24,NA,NA,NA,NA,NA,2023-02-17,NA,2022-11-27,NA,NA,NA,NA,NA,82
"L2",31,"B","FR",3,13,NA,NA,NA,NA,NA,2023-02-17,NA,2022-11-27,NA,NA,NA,NA,NA,82
"L2",32,"A","CC",5,3,NA,NA,NA,NA,NA,2023-03-31,NA,2022-11-27,NA,NA,NA,NA,NA,124
"L2",32,"B","SQ1",7,20,NA,NA,NA,NA,NA,2023-02-17,NA,2022-11-27,NA,NA,NA,NA,NA,82
"L2",33,"A","WL1",1,12,NA,NA,NA,NA,NA,2023-02-10,NA,2022-11-27,NA,NA,NA,NA,NA,75
"L2",33,"B","SQ2",4,3,NA,NA,NA,NA,NA,2023-01-06,NA,2022-11-27,NA,NA,NA,NA,NA,40
"L2",34,"A","WL1",6,13,NA,NA,NA,NA,NA,2023-03-03,NA,2022-11-27,NA,NA,NA,NA,NA,96
"L2",34,"B","TM2",5,8,2023-03-22,2023-04-13,2023-04-24,NA,NA,2023-05-15,NA,2022-11-27,115,137,148,NA,NA,169
"L2",35,"A","TM2",4,9,2023-03-31,2023-04-20,2023-04-27,2023-06-12,2023-06-12,2023-06-23,"blue+silver picks present",2022-11-27,124,144,151,197,197,208
"L2",35,"B","SC",5,9,NA,NA,NA,NA,NA,2023-02-10,NA,2022-11-27,NA,NA,NA,NA,NA,75
"L2",36,"A","FR",1,9,NA,NA,NA,NA,NA,2023-01-06,NA,2022-11-27,NA,NA,NA,NA,NA,40
"L2",36,"B","YO4",2,2,NA,NA,NA,NA,NA,2023-02-10,NA,2022-11-27,NA,NA,NA,NA,NA,75
"L2",37,"A","WL1",6,3,NA,NA,NA,NA,NA,2023-01-06,NA,2022-11-27,NA,NA,NA,NA,NA,40
"L2",37,"B","DPR",6,3,NA,NA,NA,NA,NA,2023-03-31,NA,2022-11-27,NA,NA,NA,NA,NA,124
"L2",38,"A","WL1",4,14,NA,NA,NA,NA,NA,2023-01-06,NA,2022-11-27,NA,NA,NA,NA,NA,40
"L2",38,"B","BH",3,4,NA,NA,NA,NA,NA,2023-01-06,NA,2022-11-27,NA,NA,NA,NA,NA,40
"L2",39,"A","SQ1",1,7,NA,NA,NA,NA,NA,2023-01-06,NA,2022-11-27,NA,NA,NA,NA,NA,40
"L2",39,"B","LV3",6,8,NA,NA,NA,NA,NA,2023-02-03,NA,2022-11-27,NA,NA,NA,NA,NA,68
"L2",40,"A","LV1",7,2,NA,NA,NA,NA,NA,2023-01-06,NA,2022-11-27,NA,NA,NA,NA,NA,40
"L2",40,"B","YO8",7,11,NA,NA,NA,NA,NA,2023-02-17,NA,2022-11-27,NA,NA,NA,NA,NA,82
"L2",41,"A","WL2",5,1,NA,NA,NA,NA,NA,2023-02-17,NA,2022-11-27,NA,NA,NA,NA,NA,82
"L2",41,"B","SQ1",2,4,NA,NA,NA,NA,NA,2023-02-03,NA,2022-11-27,NA,NA,NA,NA,NA,68
"L2",42,"A","CC",1,9,NA,NA,NA,NA,NA,2023-01-06,NA,2022-11-27,NA,NA,NA,NA,NA,40
"L2",42,"B","SC",6,8,NA,NA,NA,NA,NA,2023-02-10,NA,2022-11-27,NA,NA,NA,NA,NA,75
"L2",43,"A","buffer",NA,NA,NA,NA,NA,NA,NA,NA,NA,2022-11-27,NA,NA,NA,NA,NA,NA
"L2",43,"B","buffer",NA,NA,NA,NA,NA,NA,NA,NA,NA,2022-11-27,NA,NA,NA,NA,NA,NA
"L2",44,"A","buffer",NA,NA,NA,NA,NA,NA,NA,NA,NA,2022-11-27,NA,NA,NA,NA,NA,NA
"L2",44,"B","buffer",NA,NA,NA,NA,NA,NA,NA,NA,NA,2022-11-27,NA,NA,NA,NA,NA,NA
"L1",1,"C","buffer",NA,NA,NA,NA,NA,NA,NA,NA,NA,2022-11-27,NA,NA,NA,NA,NA,NA
"L1",1,"D","buffer",NA,NA,NA,NA,NA,NA,NA,NA,NA,2022-11-27,NA,NA,NA,NA,NA,NA
"L1",2,"C","buffer",NA,NA,NA,NA,NA,NA,NA,NA,NA,2022-11-27,NA,NA,NA,NA,NA,NA
"L1",2,"D","buffer",NA,NA,NA,NA,NA,NA,NA,NA,NA,2022-11-27,NA,NA,NA,NA,NA,NA
"L1",3,"C","SQ3",4,3,2023-05-15,2023-05-22,2023-05-30,2023-06-23,2023-06-29,2023-07-06,NA,2022-11-27,169,176,184,208,214,221
"L1",3,"D","SQ1",7,11,NA,NA,NA,NA,NA,2023-03-31,NA,2022-11-27,NA,NA,NA,NA,NA,124
"L1",4,"C","SQ1",5,13,NA,NA,NA,NA,NA,2023-01-20,NA,2022-11-27,NA,NA,NA,NA,NA,54
"L1",4,"D","BH",4,10,2023-05-11,2023-05-25,2023-05-30,2023-06-29,2023-07-06,2023-09-05,NA,2022-11-27,165,179,184,214,221,282
"L1",5,"C","YO7",2,1,NA,NA,NA,NA,NA,2023-03-17,NA,2022-11-27,NA,NA,NA,NA,NA,110
"L1",5,"D","WL1",1,11,NA,NA,NA,NA,NA,2023-07-17,NA,2022-11-27,NA,NA,NA,NA,NA,232
"L1",6,"C","LV3",1,4,NA,NA,NA,NA,NA,2023-04-10,NA,2022-11-27,NA,NA,NA,NA,NA,134
"L1",6,"D","WL1",6,18,NA,NA,NA,NA,NA,2023-04-03,NA,2022-11-27,NA,NA,NA,NA,NA,127
"L1",7,"C","WR",2,2,NA,NA,NA,NA,NA,2023-04-10,NA,2022-11-27,NA,NA,NA,NA,NA,134
"L1",7,"D","SC",4,6,NA,NA,NA,NA,NA,2023-03-24,NA,2022-11-27,NA,NA,NA,NA,NA,117
"L1",8,"C","WL1",6,12,NA,NA,NA,NA,NA,2023-03-31,NA,2022-11-27,NA,NA,NA,NA,NA,124
"L1",8,"D","WL1",7,9,NA,NA,NA,NA,NA,2023-03-03,NA,2022-11-27,NA,NA,NA,NA,NA,96
"L1",9,"C","CP2",10,1,NA,NA,NA,NA,NA,2023-02-10,NA,2022-11-27,NA,NA,NA,NA,NA,75
"L1",9,"D","SQ1",7,1,NA,NA,NA,NA,NA,2023-02-03,NA,2022-11-27,NA,NA,NA,NA,NA,68
"L1",10,"C","WL1",1,1,NA,NA,NA,NA,NA,2023-03-03,NA,2022-11-27,NA,NA,NA,NA,NA,96
"L1",10,"D","LV3",8,1,NA,NA,NA,NA,NA,2023-04-03,NA,2022-11-27,NA,NA,NA,NA,NA,127
"L1",11,"C","FR",2,10,NA,NA,NA,NA,NA,2023-02-03,NA,2022-11-27,NA,NA,NA,NA,NA,68
"L1",11,"D","IH",7,10,NA,NA,NA,NA,NA,2023-03-03,NA,2022-11-27,NA,NA,NA,NA,NA,96
"L1",12,"C","SQ1",2,9,NA,NA,NA,NA,NA,2023-03-03,NA,2022-11-27,NA,NA,NA,NA,NA,96
"L1",12,"D","CP2",8,2,NA,NA,NA,NA,NA,2023-02-10,NA,2022-11-27,NA,NA,NA,NA,NA,75
"L1",13,"C","BH",3,13,2023-04-27,2023-05-15,2023-05-22,2023-07-24,2023-07-24,NA,NA,2022-11-27,151,169,176,239,239,NA
"L1",13,"D","BH",5,22,2023-05-22,2023-06-08,2023-06-23,2023-09-05,2023-09-05,2023-10-16,NA,2022-11-27,176,193,208,282,282,323
"L1",14,"C","YO8",7,2,NA,NA,NA,NA,NA,2023-02-17,NA,2022-11-27,NA,NA,NA,NA,NA,82
"L1",14,"D","CC",1,1,NA,NA,NA,NA,NA,2023-02-10,NA,2022-11-27,NA,NA,NA,NA,NA,75
"L1",15,"C","WL1",3,3,NA,NA,NA,NA,NA,2023-01-06,NA,2022-11-27,NA,NA,NA,NA,NA,40
"L1",15,"D","WL1",4,8,NA,NA,NA,NA,NA,2023-03-03,NA,2022-11-27,NA,NA,NA,NA,NA,96
"L1",16,"C","BH",6,5,NA,NA,NA,NA,NA,2023-03-24,NA,2022-11-27,NA,NA,NA,NA,NA,117
"L1",16,"D","DPR",6,13,NA,NA,NA,NA,NA,2023-02-24,NA,2022-11-27,NA,NA,NA,NA,NA,89
"L1",17,"C","CC",7,3,NA,NA,NA,NA,NA,2023-04-10,NA,2022-11-27,NA,NA,NA,NA,NA,134
"L1",17,"D","CC",5,11,NA,NA,NA,NA,NA,2023-01-06,NA,2022-11-27,NA,NA,NA,NA,NA,40
"L1",18,"C","CP3",9,2,NA,NA,NA,NA,NA,2023-02-10,NA,2022-11-27,NA,NA,NA,NA,NA,75
"L1",18,"D","BH",7,12,NA,NA,NA,NA,NA,2023-02-17,NA,2022-11-27,NA,NA,NA,NA,NA,82
"L1",19,"C","WL2",7,3,NA,NA,NA,NA,NA,2023-03-24,NA,2022-11-27,NA,NA,NA,NA,NA,117
"L1",19,"D","SQ2",6,12,NA,NA,NA,NA,NA,2023-03-03,NA,2022-11-27,NA,NA,NA,NA,NA,96
"L1",20,"C","WL1",6,28,NA,NA,NA,NA,NA,2023-02-17,NA,2022-11-27,NA,NA,NA,NA,NA,82
"L1",20,"D","LV3",7,10,NA,NA,NA,NA,NA,2023-02-24,NA,2022-11-27,NA,NA,NA,NA,NA,89
"L1",21,"C","LV3",5,8,NA,NA,NA,NA,NA,2023-01-06,NA,2022-11-27,NA,NA,NA,NA,NA,40
"L1",21,"D","SQ1",1,6,NA,NA,NA,NA,NA,2023-03-03,NA,2022-11-27,NA,NA,NA,NA,NA,96
"L1",22,"C","buffer",NA,NA,NA,NA,NA,NA,NA,NA,NA,2022-11-27,NA,NA,NA,NA,NA,NA
"L1",22,"D","CC",3,8,NA,NA,NA,NA,NA,2023-01-06,NA,2022-11-27,NA,NA,NA,NA,NA,40
"L2",23,"C","LV3",3,3,NA,NA,NA,NA,NA,2023-01-27,NA,2022-11-27,NA,NA,NA,NA,NA,61
"L2",23,"D","buffer",NA,NA,NA,NA,NA,NA,NA,NA,NA,2022-11-27,NA,NA,NA,NA,NA,NA
"L2",24,"C","CC",6,10,NA,NA,NA,NA,NA,2023-01-06,NA,2022-11-27,NA,NA,NA,NA,NA,40
"L2",24,"D","LV3",8,3,NA,NA,NA,NA,NA,2023-01-06,NA,2022-11-27,NA,NA,NA,NA,NA,40
"L2",25,"C","BH",5,23,NA,NA,NA,NA,NA,2023-01-06,NA,2022-11-27,NA,NA,NA,NA,NA,40
"L2",25,"D","FR",7,11,NA,NA,NA,NA,NA,2023-01-06,NA,2022-11-27,NA,NA,NA,NA,NA,40
"L2",26,"C","WR",1,7,NA,NA,NA,NA,NA,2023-03-03,NA,2022-11-27,NA,NA,NA,NA,NA,96
"L2",26,"D","LVTR1",7,2,NA,NA,NA,NA,NA,2023-01-06,NA,2022-11-27,NA,NA,NA,NA,NA,40
"L2",27,"C","SQ3",3,3,NA,NA,NA,NA,NA,2023-03-24,NA,2022-11-27,NA,NA,NA,NA,NA,117
"L2",27,"D","WL1",4,9,NA,NA,NA,NA,NA,2023-03-03,NA,2022-11-27,NA,NA,NA,NA,NA,96
"L2",28,"C","BH",6,6,NA,NA,NA,NA,NA,2023-03-17,NA,2022-11-27,NA,NA,NA,NA,NA,110
"L2",28,"D","BH",2,7,NA,NA,NA,NA,NA,2023-05-15,NA,2022-11-27,NA,NA,NA,NA,NA,169
"L2",29,"C","LVTR1",1,11,NA,NA,NA,NA,NA,2022-12-13,NA,2022-11-27,NA,NA,NA,NA,NA,16
"L2",29,"D","BH",3,14,NA,NA,NA,NA,NA,2023-07-06,NA,2022-11-27,NA,NA,NA,NA,NA,221
"L2",30,"C","BH",4,11,NA,NA,NA,NA,NA,2023-04-10,NA,2022-11-27,NA,NA,NA,NA,NA,134
"L2",30,"D","TM2",3,4,2023-03-22,2023-04-10,2023-04-20,NA,NA,2023-05-15,NA,2022-11-27,115,134,144,NA,NA,169
"L2",31,"C","SC",1,8,NA,NA,NA,NA,NA,2023-03-24,NA,2022-11-27,NA,NA,NA,NA,NA,117
"L2",31,"D","LV3",5,9,NA,NA,NA,NA,NA,2023-03-03,NA,2022-11-27,NA,NA,NA,NA,NA,96
"L2",32,"C","CP2",1,1,NA,NA,NA,NA,NA,2023-03-24,NA,2022-11-27,NA,NA,NA,NA,NA,117
"L2",32,"D","CC",2,7,NA,NA,NA,NA,NA,2023-01-06,NA,2022-11-27,NA,NA,NA,NA,NA,40
"L2",33,"C","DPR",2,2,NA,NA,NA,NA,NA,2023-02-24,NA,2022-11-27,NA,NA,NA,NA,NA,89
"L2",33,"D","WL2",4,10,NA,NA,NA,NA,NA,2023-07-17,NA,2022-11-27,NA,NA,NA,NA,NA,232
"L2",34,"C","BH",5,8,NA,NA,NA,NA,NA,2023-03-24,NA,2022-11-27,NA,NA,NA,NA,NA,117
"L2",34,"D","WL1",7,14,NA,NA,NA,NA,NA,2023-01-12,NA,2022-11-27,NA,NA,NA,NA,NA,46
"L2",35,"C","WL1",7,10,NA,NA,NA,NA,NA,2023-03-03,NA,2022-11-27,NA,NA,NA,NA,NA,96
"L2",35,"D","LV3",1,5,NA,NA,NA,NA,NA,2023-02-10,NA,2022-11-27,NA,NA,NA,NA,NA,75
"L2",36,"C","WL1",3,5,NA,NA,NA,NA,NA,2023-01-06,NA,2022-11-27,NA,NA,NA,NA,NA,40
"L2",36,"D","SQ1",6,2,NA,NA,NA,NA,NA,2023-02-10,NA,2022-11-27,NA,NA,NA,NA,NA,75
"L2",37,"C","SQ2",6,100,NA,NA,NA,NA,NA,2023-03-31,NA,2022-11-27,NA,NA,NA,NA,NA,124
"L2",37,"D","BH",7,16,NA,NA,NA,NA,NA,2023-03-03,NA,2022-11-27,NA,NA,NA,NA,NA,96
"L2",38,"C","SQ1",7,2,NA,NA,NA,NA,NA,2023-03-24,NA,2022-11-27,NA,NA,NA,NA,NA,117
"L2",38,"D","SQ1",7,12,NA,NA,NA,NA,NA,2023-02-17,NA,2022-11-27,NA,NA,NA,NA,NA,82
"L2",39,"C","LV3",7,11,NA,NA,NA,NA,NA,2023-04-10,NA,2022-11-27,NA,NA,NA,NA,NA,134
"L2",39,"D","YO7",4,2,NA,NA,NA,NA,NA,2023-04-10,NA,2022-11-27,NA,NA,NA,NA,NA,134
"L2",40,"C","IH",7,11,NA,NA,NA,NA,NA,2023-03-10,NA,2022-11-27,NA,NA,NA,NA,NA,103
"L2",40,"D","BH",7,13,NA,NA,NA,NA,NA,2023-07-24,NA,2022-11-27,NA,NA,NA,NA,NA,239
"L2",41,"C","FR",4,13,NA,NA,NA,NA,NA,2023-03-03,NA,2022-11-27,NA,NA,NA,NA,NA,96
"L2",41,"D","BH",4,1,2023-05-30,2023-06-12,2023-06-15,2023-09-05,2023-09-05,2023-10-16,NA,2022-11-27,184,197,200,282,282,323
"L2",42,"C","BH",7,3,NA,NA,NA,NA,NA,2023-02-10,NA,2022-11-27,NA,NA,NA,NA,NA,75
"L2",42,"D","IH",4,9,NA,NA,NA,NA,NA,2023-03-10,NA,2022-11-27,NA,NA,NA,NA,NA,103
"L2",43,"C","buffer",NA,NA,NA,NA,NA,NA,NA,NA,NA,2022-11-27,NA,NA,NA,NA,NA,NA
"L2",43,"D","buffer",NA,NA,NA,NA,NA,NA,NA,NA,NA,2022-11-27,NA,NA,NA,NA,NA,NA
"L2",44,"C","buffer",NA,NA,NA,NA,NA,NA,NA,NA,NA,2022-11-27,NA,NA,NA,NA,NA,NA
"L2",44,"D","buffer",NA,NA,NA,NA,NA,NA,NA,NA,NA,2022-11-27,NA,NA,NA,NA,NA,NA
