pop.id,mf,rep,block,bed,rack,col,row,unique.ID,notes
buffer,buffer,buffer,A1,A,1,A,1,buffer,
buffer,buffer,buffer,A1,A,1,B,1,buffer,
buffer,buffer,buffer,A1,A,1,C,1,buffer,
buffer,buffer,buffer,A1,A,1,D,1,buffer,
SQ3 x TM2,,7,A1,A,1,A,2,551,
DPR x TM2,,20,A1,A,1,B,2,444,
TM2 x (TM2 x BH),,8,A1,A,1,C,2,1199,
(TM2 x WL2) x WL2,,7,A1,A,1,D,2,1281,
(YO11 x WL2) x WL2,,5,A1,A,1,A,3,1315,
(TM2 x WL2) x (TM2 x BH),,1,A1,A,1,B,3,1252,
WL2-11,11,11,A1,A,1,C,3,179,
(TM2 x BH) x TM2,,5,A1,A,1,D,3,1216,
WL2-1,1,9,A1,A,1,A,4,107,
WV,5,4,A1,A,1,B,4,270,
(TM2 x BH) x (TM2 x WL2),,9,A1,A,1,C,4,1240,
WV x TM2,,2,A1,A,1,D,4,987,
TM2 x YO11,,11,A1,A,1,A,5,765,
DPR x WL2,,18,A1,A,1,B,5,472,
LV1 x TM2,,17,A1,A,1,C,5,501,
TM2-5,5,6,A1,A,1,D,5,62,
(WV x WL2) x WV,,14,A1,A,1,A,6,1344,
WV x WL2,,20,A1,A,1,B,6,1035,
BH,7,1,A1,A,1,C,6,215,
(WL2 x DPR) x WL2,,6,A1,A,1,D,6,1071,
TM2 x CC,,4,A1,A,1,A,7,622,
WL2-3,3,7,A1,A,1,B,7,119,
WL2-9,9,3,A1,A,1,C,7,143,
(LV1 x WL2) x WL2,,7,A1,A,1,D,7,1141,
TM2 x DPR,,10,A1,A,1,A,8,658,
TM2 x WL1,,6,A1,A,1,B,8,684,
TM2-1,1,6,A1,A,1,C,8,6,
WL1 x TM2,,8,A1,A,1,D,8,779,
LV1,2,2,A1,A,1,A,9,283,
LV1 x WL2,,2,A1,A,1,B,9,516,
WV x TM2,,14,A1,A,1,C,9,999,
WL2 x WV,,13,A1,A,1,D,9,952,
WL2-8,8,5,A1,A,1,A,10,131,
WL2 x DPR,,4,A1,A,1,B,10,864,
TM2 x WV,,9,A1,A,1,C,10,747,
SQ3 x WL2,,2,A1,A,1,D,10,576,
TM2 x CC,,25,A1,A,1,A,11,643,
WL2-12,12,9,A1,A,1,B,11,191,
WV x TM2,,3,A1,A,1,C,11,2014,
CC,1,1,A1,A,1,D,11,239,
TM2 x WL2,,12,A1,A,1,A,12,720,
LV1 x WL2,,21,A1,A,1,B,12,535,
TM2 x WL1,,30,A1,A,1,C,12,708,
(LV1 x WL2) x (SQ3 x WL2),,17,A1,A,1,D,12,1122,
(TM2 x WL2) x (TM2 x WL2),,4,A1,A,1,A,13,1267,
(TM2 x BH) x TM2,,17,A1,A,1,B,13,1228,
(TM2 x BH) x BH,,10,A1,A,1,C,13,1380,
(WL2 x DPR) x WL2,,18,A1,A,1,D,13,1083,
WV x WL2,,8,A1,A,1,A,14,1023,
WV x (WV x WL2),,10,A1,A,1,B,14,1095,
WL2 x BH,,17,A1,A,1,C,14,796,
(WL2 x DPR) x DPR,,2,A1,A,1,D,14,1047,
TM2 x (TM2 X WL2),,17,A1,A,2,A,15,1367,
WL1,3,2,A1,A,2,B,15,344,
YO11,5,3,A1,A,2,C,15,312,
WL2-10,10,1,A1,A,2,D,15,155,
TM2-7,7,11,A1,A,2,A,16,95,
BH x WL2,,16,A1,A,2,B,16,380,
TM2 x DPR,,22,A1,A,2,C,16,670,
DPR x TM2,,8,A1,A,2,D,16,432,
TM2 x WL2,,1,A1,A,2,A,17,2002,
TM2-3,3,4,A1,A,2,B,17,32,
BH,3,1,A1,A,2,C,17,203,
WV x TM2,,26,A1,A,2,D,17,1011,
(WL2 x DPR) x DPR,,14,A1,A,2,A,18,1060,
TM2-6,6,8,A1,A,2,B,18,78,
TM2-2,2,6,A1,A,2,C,18,20,
SQ3 x TM2,,20,A1,A,2,D,18,564,
WL2-10,10,13,A1,A,2,A,19,167,
CC,7,1,A1,A,2,B,19,257,
TM2-4,4,6,A1,A,2,C,19,48,
WL1 x WL2,,7,A1,A,2,D,19,837,
WL1 x WL2,,19,A1,A,2,A,20,849,
LV1 x TM2,,5,A1,A,2,B,20,489,
DPR x WL2,,6,A1,A,2,C,20,460,
TM2 x WL2,,24,A1,A,2,D,20,732,
CC x TM2,,9,A1,A,2,A,21,403,
WL2 x WL1,,6,A1,A,2,B,21,915,
WV x (WV x WL2),,10,A1,A,2,C,21,2038,
(LV1 x WL2) x WL2,,19,A1,A,2,D,21,1153,
(TM2 x WL2) x WL2,,19,A1,A,2,A,22,1293,
DPR,4,1,A1,A,2,B,22,227,
(TM2 x BH) x BH,,3,A1,A,2,C,22,2050,
(LV1 x WL2) x WL2,,8,A1,A,2,D,22,2026,
buffer,buffer,buffer,A1,A,2,A,23,buffer,
WL1,7,4,A1,A,2,B,23,356,
buffer,buffer,buffer,A1,A,2,C,23,buffer,
TM2 x BH,,4,A1,A,2,D,23,608,
TM2 x WL1,,1,A2,A,2,A,24,679,
buffer,buffer,buffer,A2,A,2,B,24,buffer,
buffer,buffer,buffer,A2,A,2,C,24,buffer,
DPR x WL2,,15,A2,A,2,D,24,469,
WL2 x CC,,11,A2,A,2,A,25,820,
TM2-7,7,5,A2,A,2,B,25,89,
WL1 x TM2,,5,A2,A,2,C,25,776,
TM2 x YO11,,7,A2,A,2,D,25,761,
SQ3 x TM2,,17,A2,A,2,A,26,561,
(TM2 x BH) x BH,,7,A2,A,2,B,26,1377,
WV x TM2,,1,A2,A,2,C,26,2011,
SQ3,4,2,A2,A,2,D,26,333,
CC,5,1,A2,A,2,A,27,251,
WL2-9,9,12,A2,A,2,B,27,152,
DPR,7,1,A2,A,2,C,27,236,
(WL2 x DPR) x DPR,,11,A2,A,2,D,27,1057,
WL1 x WL2,,16,A2,A,2,A,28,846,
(TM2 x BH) x BH,,19,A2,A,2,B,28,1389,
TM2 x CC,,20,A2,A,2,C,28,638,
TM2-2,2,3,A2,A,2,D,28,17,
TM2 x WL2,,21,A2,A,3,A,29,729,
TM2 x CC,,1,A2,A,3,B,29,619,
WL2 x YO11,,25,A2,A,3,C,29,980,
TM2-6,6,5,A2,A,3,D,29,75,
TM2 x (TM2 X WL2),,14,A2,A,3,A,30,1364,
SQ3 x WL2,,26,A2,A,3,B,30,600,
WL2-3,3,4,A2,A,3,C,30,116,
DPR,3,1,A2,A,3,D,30,224,
LV1 x TM2,,2,A2,A,3,A,31,486,
WV x WL2,,5,A2,A,3,B,31,1020,
BH,2,1,A2,A,3,C,31,200,
WL2 x WV,,10,A2,A,3,D,31,949,
(TM2 x BH) x TM2,,2,A2,A,3,A,32,1213,
(LV1 x WL2) x WL2,,16,A2,A,3,B,32,1150,
(TM2 x WL2) x (TM2 x WL2),,1,A2,A,3,C,32,1264,
WV x (WV x WL2),,7,A2,A,3,D,32,1092,
(TM2 x BH) x TM2,,14,A2,A,3,A,33,1225,
LV1 x WL2,,18,A2,A,3,B,33,532,
WL2-10,10,10,A2,A,3,C,33,164,
WV x (WV x WL2),,19,A2,A,3,D,33,1104,
TM2 x WL2,,9,A2,A,3,A,34,717,
DPR x TM2,,17,A2,A,3,B,34,441,
WV x TM2,,23,A2,A,3,C,34,1008,
WV x (WV x WL2),,7,A2,A,3,D,34,2035,
DPR x TM2,,5,A2,A,3,A,35,429,
YO11,2,1,A2,A,3,B,35,304,
(LV1 x WL2) x WL2,,4,A2,A,3,C,35,1138,
TM2-1,1,3,A2,A,3,D,35,3,
LV1 x TM2,,29,A2,A,3,A,36,513,
(WL2 x DPR) x WL2,,15,A2,A,3,B,36,1080,
BH x WL2,,29,A2,A,3,C,36,393,
TM2-4,4,3,A2,A,3,D,36,45,
TM2 x WV,,5,A2,A,3,A,37,743,
LV1 x WL2,,30,A2,A,3,B,37,544,
WL2-1,1,6,A2,A,3,C,37,104,
TM2-3,3,1,A2,A,3,D,37,29,
(WV x WL2) x WV,,7,A2,A,3,A,38,1337,
BH x WL2,,5,A2,A,3,B,38,369,
(LV1 x WL2) x WL2,,5,A2,A,3,C,38,2023,
TM2 x WL1,,20,A2,A,3,D,38,698,
(TM2 x WL2) x WL2,,16,A2,A,3,A,39,1290,
LV1 x TM2,,14,A2,A,3,B,39,498,
TM2 x DPR,,19,A2,A,3,C,39,667,
DPR x TM2,,29,A2,A,3,D,39,453,
(TM2 x WL2) x WL2,,4,A2,A,3,A,40,1278,
WL1,7,1,A2,A,3,B,40,353,
WL1 x WL2,,28,A2,A,3,C,40,858,
WV x WL2,,29,A2,A,3,D,40,1044,
WV,6,3,A2,A,3,A,41,279,
WL2-11,11,8,A2,A,3,B,41,176,
WV,5,1,A2,A,3,C,41,267,
SQ3 x TM2,,29,A2,A,3,D,41,573,
(WL2 x DPR) x WL2,,3,A2,A,3,A,42,1068,
TM2 x DPR,,7,A2,A,3,B,42,655,
(TM2 x BH) x (TM2 x WL2),,6,A2,A,3,C,42,1237,
WL2-12,12,6,A2,A,3,D,42,188,
WV x TM2,,11,A2,A,3,A,43,996,
WL2 x LV1,,9,A2,A,3,B,43,899,
(TM2 x BH) x BH,,4,A2,A,3,C,43,2047,
WL2 x BH,,11,A2,A,3,D,43,790,
WL2-8,8,14,A2,A,3,A,44,140,
TM2-5,5,3,A2,A,3,B,44,59,
WV x WL2,,17,A2,A,3,C,44,1032,
(TM2 x BH) x (TM2 x WL2),,18,A2,A,3,D,44,1249,
BH,6,1,A2,A,3,A,45,212,
TM2 x (TM2 x BH),,5,A2,A,3,B,45,1196,
(TM2 x WL2) x (YO11 x WL2),,10,A2,A,3,C,45,1304,
WL2-8,8,2,A2,A,3,D,45,128,
buffer,buffer,buffer,A2,A,3,A,46,buffer,
buffer,buffer,buffer,A2,A,3,B,46,buffer,
buffer,buffer,buffer,A2,A,3,C,46,buffer,
buffer,buffer,buffer,A2,A,3,D,46,buffer,
buffer,buffer,buffer,B1,B,1,A,1,buffer,
buffer,buffer,buffer,B1,B,1,B,1,buffer,
buffer,buffer,buffer,B1,B,1,C,1,buffer,
buffer,buffer,buffer,B1,B,1,D,1,buffer,
CC,7,3,B1,B,1,A,2,259,
WL2-8,8,6,B1,B,1,B,2,132,
(TM2 x BH) x BH,,11,B1,B,1,C,2,1381,
TM2-6,6,9,B1,B,1,D,2,79,
TM2 x CC,,5,B1,B,1,A,3,623,
TM2 x (TM2 x BH),,9,B1,B,1,B,3,1200,
WV x WL2,,1,B1,B,1,C,3,2015,
WL1,7,5,B1,B,1,D,3,357,
BH x WL2,,17,B1,B,1,A,4,381,
TM2 x (TM2 X WL2),,18,B1,B,1,B,4,1368,
DPR x TM2,,21,B1,B,1,C,4,445,
TM2 x YO11,,13,B1,B,1,D,4,767,
WV,5,5,B1,B,1,A,5,271,
WL1 x WL2,,20,B1,B,1,B,5,850,
TM2 x DPR,,3,B1,B,1,C,5,2003,
LV1,2,3,B1,B,1,D,5,284,
WL2-11,11,12,B1,B,1,A,6,180,
DPR,4,2,B1,B,1,B,6,228,
TM2-2,2,7,B1,B,1,C,6,21,
(TM2 x WL2) x (TM2 x BH),,3,B1,B,1,D,6,1254,
WL1 x WL2,,8,B1,B,1,A,7,838,
TM2 x WV,,10,B1,B,1,B,7,748,
LV1 x TM2,,20,B1,B,1,C,7,504,
TM2 x DPR,,11,B1,B,1,D,7,659,
DPR x WL2,,7,B1,B,1,A,8,461,
TM2 x WL2,,25,B1,B,1,B,8,733,
(LV1 x WL2) x WL2,,20,B1,B,1,C,8,1154,
WL2-10,10,2,B1,B,1,D,8,156,
TM2-3,3,5,B1,B,1,A,9,33,
TM2 x WL1,,7,B1,B,1,B,9,685,
DPR x (DPR x WL2),,3,B1,B,1,C,9,1128,
WL2-9,9,4,B1,B,1,D,9,144,
WL2-12,12,10,B1,B,1,A,10,192,
(TM2 x WL2) x WL2,,20,B1,B,1,B,10,1294,
WL2 x BH,,2,B1,B,1,C,10,781,
WL2 x DPR,,6,B1,B,1,D,10,866,
TM2 x DPR,,23,B1,B,1,A,11,671,
SQ3 x WL2,,3,B1,B,1,B,11,577,
WL2-1,1,10,B1,B,1,C,11,108,
(WL2 x DPR) x WL2,,7,B1,B,1,D,11,1072,
WV x (WV x WL2),,11,B1,B,1,A,12,2039,
WL2 x WL1,,12,B1,B,1,B,12,921,
(WL2 x DPR) x DPR,,3,B1,B,1,C,12,1048,
WL2-3,3,8,B1,B,1,D,12,120,
WV x (WV x WL2),,11,B1,B,1,A,13,1096,
BH,3,2,B1,B,1,B,13,204,
(WL2 x DPR) x DPR,,15,B1,B,1,C,13,1061,
WV x WL2,,21,B1,B,1,D,13,1036,
(TM2 x BH) x (TM2 x WL2),,10,B1,B,1,A,14,1241,
TM2 x WL2,,13,B1,B,1,B,14,721,
WV x TM2,,3,B1,B,1,C,14,988,
WL2 x WV,,14,B1,B,1,D,14,953,
(TM2 x WL2) x WL2,,1,B1,B,2,A,15,2051,
SQ3 x TM2,,9,B1,B,2,B,15,553,
YO11,6,1,B1,B,2,C,15,313,
(TM2 x BH) x TM2,,18,B1,B,2,D,15,1229,
TM2-7,7,12,B1,B,2,A,16,96,
BH,7,2,B1,B,2,B,16,216,
LV1 x TM2,,6,B1,B,2,C,16,490,
TM2 x CC,,26,B1,B,2,D,16,644,
WV x TM2,,27,B1,B,2,A,17,1012,
WL2-10,10,14,B1,B,2,B,17,168,
TM2 x WL2,,1,B1,B,2,C,17,709,
DPR x WL2,,19,B1,B,2,D,17,473,
(TM2 x WL2) x WL2,,8,B1,B,2,A,18,1282,
(LV1 x WL2) x WL2,,8,B1,B,2,B,18,1142,
(WL2 x DPR) x WL2,,1,B1,B,2,C,18,2027,
LV1 x WL2,,3,B1,B,2,D,18,517,
WL1,4,1,B1,B,2,A,19,345,
TM2-4,4,7,B1,B,2,B,19,49,
(YO11 x WL2) x WL2,,6,B1,B,2,C,19,1316,
CC,1,3,B1,B,2,D,19,241,
WV x TM2,,15,B1,B,2,A,20,1000,
(WL2 x DPR) x WL2,,19,B1,B,2,B,20,1084,
LV1 x WL2,,22,B1,B,2,C,20,536,
(TM2 x BH) x TM2,,6,B1,B,2,D,20,1217,
WL2 x BH,,18,B1,B,2,A,21,797,
SQ3 x TM2,,21,B1,B,2,B,21,565,
WV x WL2,,9,B1,B,2,C,21,1024,
TM2-5,5,7,B1,B,2,D,21,63,
TM2 x BH,,5,B1,B,2,A,22,609,
TM2-1,1,7,B1,B,2,B,22,7,
(TM2 x WL2) x (TM2 x WL2),,6,B1,B,2,C,22,1269,
(WV x WL2) x WV,,16,B1,B,2,D,22,1346,
buffer,buffer,buffer,B1,B,2,A,23,buffer,
DPR x TM2,,9,B1,B,2,B,23,433,
CC x TM2,,11,B1,B,2,C,23,405,
buffer,buffer,buffer,B1,B,2,D,23,buffer,
buffer,buffer,buffer,B2,B,2,A,24,buffer,
(WV x WL2) x WV,,17,B2,B,2,B,24,1347,
buffer,buffer,buffer,B2,B,2,C,24,buffer,
TM2 x YO11,,14,B2,B,2,D,24,768,
TM2-4,4,8,B2,B,2,A,25,50,
WL2 x DPR,,8,B2,B,2,B,25,868,
(LV1 x WL2) x WL2,,9,B2,B,2,C,25,1143,
WL2-11,11,1,B2,B,2,D,25,169,
DPR x TM2,,10,B2,B,2,A,26,434,
TM2-6,6,10,B2,B,2,B,26,80,
TM2 x CC,,28,B2,B,2,C,26,646,
TM2 x WL2,,26,B2,B,2,D,26,734,
(TM2 x WL2) x (YO11 x WL2),,1,B2,B,2,A,27,1295,
WV,5,6,B2,B,2,B,27,272,
DPR x (WL2 x DPR),,2,B2,B,2,C,27,1131,
BH,3,3,B2,B,2,D,27,205,
TM2 x DPR,,2,B2,B,2,A,28,2004,
WV x (WV x WL2),,12,B2,B,2,B,28,2040,
BH,7,3,B2,B,2,C,28,217,
LV1 x WL2,,23,B2,B,2,D,28,537,
DPR x WL2,,14,B2,B,3,A,29,462,
WL2 x WV,,16,B2,B,3,B,29,955,
(TM2 x BH) x BH,,12,B2,B,3,C,29,1382,
TM2-5,5,8,B2,B,3,D,29,64,
WL2-10,10,3,B2,B,3,A,30,157,
DPR x TM2,,22,B2,B,3,B,30,446,
SQ3 x WL2,,6,B2,B,3,C,30,580,
TM2 x DPR,,12,B2,B,3,D,30,660,
(TM2 x WL2) x (TM2 x WL2),,7,B2,B,3,A,31,1270,
TM2 x (TM2 X WL2),,20,B2,B,3,B,31,1370,
(LV1 x WL2) x (YO11 x WL2),,6,B2,B,3,C,31,1160,
(TM2 x WL2) x (TM2 x BH),,4,B2,B,3,D,31,1255,
(TM2 x BH) x (TM2 x WL2),,11,B2,B,3,A,32,1242,
WV x WL2,,10,B2,B,3,B,32,1025,
BH x WL2,,18,B2,B,3,C,32,382,
TM2-2,2,8,B2,B,3,D,32,22,
(TM2 x BH) x TM2,,19,B2,B,3,A,33,1230,
TM2 x (TM2 x BH),,11,B2,B,3,B,33,1202,
LV1 x WL2,,4,B2,B,3,C,33,518,
YO11,6,2,B2,B,3,D,33,314,
WL1,8,1,B2,B,3,A,34,358,
LV1,2,4,B2,B,3,B,34,285,
(WL2 x DPR) x DPR,,4,B2,B,3,C,34,1049,
WV x WL2,,22,B2,B,3,D,34,1037,
TM2-3,3,6,B2,B,3,A,35,34,
(YO11 x WL2) x WL2,,7,B2,B,3,B,35,1317,
LV1 x TM2,,7,B2,B,3,C,35,491,
WL2-8,8,7,B2,B,3,D,35,133,
(WL2 x DPR) x WL2,,20,B2,B,3,A,36,1085,
DPR,4,3,B2,B,3,B,36,229,
SQ3 x TM2,,10,B2,B,3,C,36,554,
WL2 x BH,,4,B2,B,3,D,36,783,
TM2 x BH,,6,B2,B,3,A,37,610,
WL1 x WL2,,9,B2,B,3,B,37,839,
(WL2 x DPR) x WL2,,2,B2,B,3,C,37,2028,
DPR x WL2,,20,B2,B,3,D,37,474,
WV x WL2,,2,B2,B,3,A,38,2016,
WV,4,1,B2,B,3,B,38,260,
TM2-7,7,13,B2,B,3,C,38,97,
LV1 x TM2,,21,B2,B,3,D,38,505,
CC x TM2,,18,B2,B,3,A,39,412,
WV x TM2,,4,B2,B,3,B,39,989,
WL2-12,12,11,B2,B,3,C,39,193,
TM2 x WV,,11,B2,B,3,D,39,749,
WV x TM2,,16,B2,B,3,A,40,1001,
TM2 x CC,,6,B2,B,3,B,40,624,
(TM2 x BH) x TM2,,7,B2,B,3,C,40,1218,
WL1 x WL2,,21,B2,B,3,D,40,851,
WL2 x BH,,22,B2,B,3,A,41,801,
WL2-9,9,5,B2,B,3,B,41,145,
WL2-3,3,9,B2,B,3,C,41,121,
TM2 x WL2,,2,B2,B,3,D,41,710,
TM2 x WL2,,14,B2,B,3,A,42,722,
(TM2 x WL2) x WL2,,9,B2,B,3,B,42,1283,
WL2-11,11,13,B2,B,3,C,42,181,
TM2-1,1,8,B2,B,3,D,42,8,
TM2 x DPR,,24,B2,B,3,A,43,672,
(WL2 x DPR) x DPR,,16,B2,B,3,B,43,1062,
WV x TM2,,28,B2,B,3,C,43,1013,
CC,2,1,B2,B,3,D,43,242,
TM2 x WL1,,8,B2,B,3,A,44,686,
WV x (WV x WL2),,12,B2,B,3,B,44,1097,
WL2-1,1,11,B2,B,3,C,44,109,
(WL2 x DPR) x WL2,,8,B2,B,3,D,44,1073,
buffer,buffer,buffer,B2,B,3,A,45,buffer,
WL1,4,2,B2,B,3,B,45,346,
WL2 x WL1,,13,B2,B,3,C,45,922,
SQ3 x TM2,,22,B2,B,3,D,45,566,
buffer,buffer,buffer,B2,B,3,A,46,buffer,
buffer,buffer,buffer,B2,B,3,B,46,buffer,
buffer,buffer,buffer,B2,B,3,C,46,buffer,
buffer,buffer,buffer,B2,B,3,D,46,buffer,
buffer,buffer,buffer,C1,C,1,A,1,buffer,
buffer,buffer,buffer,C1,C,1,B,1,buffer,
buffer,buffer,buffer,C1,C,1,C,1,buffer,
buffer,buffer,buffer,C1,C,1,D,1,buffer,
CC,2,3,C1,C,1,A,2,244,
WV x (WV x WL2),,2,C1,C,1,B,2,2030,
TM2-5,5,10,C1,C,1,C,2,66,
TM2 x BH,,8,C1,C,1,D,2,612,
(WL2 x DPR) x DPR,,18,C1,C,1,A,3,1064,
LV1 x TM2,,24,C1,C,1,B,3,508,
WL2-11,11,3,C1,C,1,C,3,171,
WV x (WV x WL2),,14,C1,C,1,D,3,2042,
SQ3 x WL2,,8,C1,C,1,A,4,582,
WL2-12,12,13,C1,C,1,B,4,195,
TM2-6,6,12,C1,C,1,C,4,82,
(SQ3 x WL2) x WL2,,1,C1,C,1,D,4,1172,
DPR x WL2,,12,C1,C,1,A,5,464,
WL2-1,1,13,C1,C,1,B,5,111,
TM2 x WL1,,11,C1,C,1,C,5,689,
WL2-1,1,1,C1,C,1,D,5,99,
TM2-1,1,11,C1,C,1,A,6,11,
(TM2 x WL2) x (TM2 x BH),,6,C1,C,1,B,6,1257,
(WL2 x DPR) x WL2,,10,C1,C,1,C,6,1075,
TM2 x WL2,,4,C1,C,1,D,6,712,
(LV1 x WL2) x WL2,,11,C1,C,1,A,7,1145,
SQ3 x TM2,,12,C1,C,1,B,7,556,
WL2 x DPR,,23,C1,C,1,C,7,883,
DPR,5,2,C1,C,1,D,7,231,
(TM2 x BH) x BH,,14,C1,C,1,A,8,1384,
TM2-4,4,11,C1,C,1,B,8,53,
WL1 x WL2,,23,C1,C,1,C,8,853,
(TM2 x WL2) x (YO11 x WL2),,3,C1,C,1,D,8,1297,
WV x WL2,,24,C1,C,1,A,9,1039,
DPR x TM2,,12,C1,C,1,B,9,436,
TM2 x WL2,,16,C1,C,1,C,9,724,
(TM2 x WL2) x (TM2 x WL2),,10,C1,C,1,D,9,1273,
WL2 x BH,,26,C1,C,1,A,10,805,
WV x TM2,,30,C1,C,1,B,10,1015,
LV1 x TM2,,9,C1,C,1,C,10,493,
WL1,8,3,C1,C,1,D,10,360,
TM2 x DPR,,2,C1,C,1,A,11,2006,
(WV x WL2) x WV,,19,C1,C,1,B,11,1349,
(TM2 x WL2) x WL2,,11,C1,C,1,C,11,1285,
TM2 x DPR,,2,C1,C,1,D,11,650,
WV x TM2,,6,C1,C,1,A,12,991,
(TM2 x BH) x (TM2 x WL2),,1,C1,C,1,B,12,1232,
WL2 x BH,,6,C1,C,1,C,12,785,
WV x (WV x WL2),,14,C1,C,1,D,12,1099,
YO11,8,1,C1,C,1,A,13,319,
LV1,3,2,C1,C,1,B,13,288,
(WL2 x DPR) x DPR,,6,C1,C,1,C,13,1051,
WV,5,8,C1,C,1,D,13,274,
TM2 x WL2,,28,C1,C,1,A,14,736,
TM2 x DPR,,14,C1,C,1,B,14,662,
WV x TM2,,18,C1,C,1,C,14,1003,
TM2 x WV,,13,C1,C,1,D,14,751,
LV1 x WL2,,25,C1,C,2,A,15,539,
(TM2 x BH) x TM2,,9,C1,C,2,B,15,1220,
CC x TM2,,30,C1,C,2,C,15,424,
(YO11 x WL2) x WL2,,20,C1,C,2,D,15,1330,
LV1 x WL2,,6,C1,C,2,A,16,520,
TM2 x DPR,,26,C1,C,2,B,16,674,
TM2-2,2,10,C1,C,2,C,16,24,
WL2-9,9,7,C1,C,2,D,16,147,
WV x WL2,,12,C1,C,2,A,17,1027,
TM2 x CC,,9,C1,C,2,B,17,627,
WL2-3,3,11,C1,C,2,C,17,123,
(TM2 x BH) x (TM2 x WL2),,13,C1,C,2,D,17,1244,
TM2 x YO11,,17,C1,C,2,A,18,771,
WL1 x WL2,,11,C1,C,2,B,18,841,
BH x WL2,,20,C1,C,2,C,18,384,
WL2-8,8,9,C1,C,2,D,18,135,
WV x WL2,,4,C1,C,2,A,19,2018,
DPR x WL2,,22,C1,C,2,B,19,476,
WL2-10,10,5,C1,C,2,C,19,159,
WL2 x WL1,,19,C1,C,2,D,19,928,
DPR x (WL2 x DPR),,4,C1,C,2,A,20,1133,
(TM2 x BH) x BH,,2,C1,C,2,B,20,1372,
TM2 x (TM2 x BH),,17,C1,C,2,C,20,1208,
SQ3 x TM2,,24,C1,C,2,D,20,568,
DPR x TM2,,24,C1,C,2,A,21,448,
BH,4,2,C1,C,2,B,21,207,
WL2-12,12,1,C1,C,2,C,21,183,
WL1,6,1,C1,C,2,D,21,348,
TM2-3,3,10,C1,C,2,A,22,38,
DPR,1,2,C1,C,2,B,22,219,
WV,4,3,C1,C,2,C,22,262,
WL2 x YO11,,10,C1,C,2,D,22,965,
buffer,buffer,buffer,C1,C,2,A,23,buffer,
buffer,buffer,buffer,C1,C,2,B,23,buffer,
buffer,buffer,buffer,C1,C,2,C,23,buffer,
WV x (WV x WL2),,2,C1,C,2,D,23,1087,
WL2-12,12,7,C2,C,2,A,24,189,
WL2 x WV,,11,C2,C,2,B,24,950,
buffer,buffer,buffer,C2,C,2,C,24,buffer,
TM2 x BH,,1,C2,C,2,D,24,605,
TM2 x YO11,,8,C2,C,2,A,25,762,
DPR x TM2,,18,C2,C,2,B,25,442,
TM2-3,3,2,C2,C,2,C,25,30,
(TM2 x BH) x BH,,8,C2,C,2,D,25,1378,
CC,5,3,C2,C,2,A,26,253,
TM2 x (TM2 x BH),,6,C2,C,2,B,26,1197,
WL1 x TM2,,6,C2,C,2,C,26,777,
WL1 x WL2,,29,C2,C,2,D,26,859,
TM2 x WV,,6,C2,C,2,A,27,744,
WV x TM2,,1,C2,C,2,B,27,2012,
(TM2 x WL2) x TM2,,3,C2,C,2,C,27,1309,
TM2 x DPR,,20,C2,C,2,D,27,668,
TM2 x WL2,,10,C2,C,2,A,28,718,
(WV x WL2) x WV,,8,C2,C,2,B,28,1338,
WV x WL2,,30,C2,C,2,C,28,1045,
WL1 x WL2,,17,C2,C,2,D,28,847,
DPR,3,2,C2,C,3,A,29,225,
(TM2 x BH) x TM2,,15,C2,C,3,B,29,1226,
(WL2 x DPR) x WL2,,4,C2,C,3,C,29,1069,
(TM2 x BH) x TM2,,3,C2,C,3,D,29,1214,
BH x WL2,,10,C2,C,3,A,30,374,
WL2-8,8,3,C2,C,3,B,30,129,
SQ3,6,2,C2,C,3,C,30,339,
SQ3 x TM2,,5,C2,C,3,D,30,549,
WV,5,2,C2,C,3,A,31,268,
DPR x TM2,,6,C2,C,3,B,31,430,
SQ3 x TM2,,18,C2,C,3,C,31,562,
DPR x TM2,,30,C2,C,3,D,31,454,
WL2-1,1,7,C2,C,3,A,32,105,
TM2 x CC,,2,C2,C,3,B,32,620,
WV x (WV x WL2),,20,C2,C,3,C,32,1105,
TM2 x WL2,,22,C2,C,3,D,32,730,
(LV1 x WL2) x WL2,,5,C2,C,3,A,33,1139,
WL2-11,11,9,C2,C,3,B,33,177,
(TM2 x BH) x (TM2 x WL2),,7,C2,C,3,C,33,1238,
SQ3 x TM2,,30,C2,C,3,D,33,574,
LV1 x TM2,,15,C2,C,3,A,34,499,
BH,6,2,C2,C,3,B,34,213,
WL2-9,9,1,C2,C,3,C,34,141,
(TM2 x BH) x BH,,20,C2,C,3,D,34,1390,
TM2-1,1,4,C2,C,3,A,35,4,
DPR,7,2,C2,C,3,B,35,237,
(WL2 x DPR) x DPR,,12,C2,C,3,C,35,1058,
(TM2 x BH) x (TM2 x WL2),,19,C2,C,3,D,35,1250,
WL2 x YO11,,29,C2,C,3,A,36,984,
(TM2 x BH) x BH,,1,C2,C,3,B,36,2048,
WV x WL2,,18,C2,C,3,C,36,1033,
TM2 x (TM2 X WL2),,15,C2,C,3,D,36,1365,
WV x TM2,,24,C2,C,3,A,37,1009,
WV x WL2,,6,C2,C,3,B,37,1021,
WV x TM2,,12,C2,C,3,C,37,997,
WL1,7,2,C2,C,3,D,37,354,
LV1 x TM2,,3,C2,C,3,A,38,487,
WL2 x BH,,12,C2,C,3,B,38,791,
(LV1 x WL2) x WL2,,17,C2,C,3,C,38,1151,
TM2-2,2,4,C2,C,3,D,38,18,
DPR x WL2,,16,C2,C,3,A,39,470,
WL2 x WL1,,3,C2,C,3,B,39,912,
TM2 x CC,,22,C2,C,3,C,39,640,
(TM2 x WL2) x WL2,,17,C2,C,3,D,39,1291,
TM2-6,6,6,C2,C,3,A,40,76,
TM2-5,5,4,C2,C,3,B,40,60,
WL2-3,3,5,C2,C,3,C,40,117,
WL2 x CC,,18,C2,C,3,D,40,827,
LV1 x TM2,,30,C2,C,3,A,41,514,
(LV1 x WL2) x WL2,,6,C2,C,3,B,41,2024,
YO11,2,2,C2,C,3,C,41,305,
TM2 x WL1,,2,C2,C,3,D,41,680,
TM2-7,7,6,C2,C,3,A,42,90,
WL2-10,10,11,C2,C,3,B,42,165,
LV1 x WL2,,19,C2,C,3,C,42,533,
(TM2 x WL2) x (TM2 x WL2),,2,C2,C,3,D,42,1265,
WL2-9,9,13,C2,C,3,A,43,153,
TM2 x DPR,,8,C2,C,3,B,43,656,
(WL2 x DPR) x WL2,,16,C2,C,3,C,43,1081,
TM2 x WL1,,21,C2,C,3,D,43,699,
WV,6,4,C2,C,3,A,44,280,
WV x (WV x WL2),,8,C2,C,3,B,44,2036,
(TM2 x WL2) x WL2,,5,C2,C,3,C,44,1279,
BH x WL2,,30,C2,C,3,D,44,394,
WV x (WV x WL2),,8,C2,C,3,A,45,1093,
TM2-4,4,4,C2,C,3,B,45,46,
BH,2,2,C2,C,3,C,45,201,
buffer,buffer,buffer,C2,C,3,D,45,buffer,
buffer,buffer,buffer,C2,C,3,A,46,buffer,
buffer,buffer,buffer,C2,C,3,B,46,buffer,
buffer,buffer,buffer,C2,C,3,C,46,buffer,
buffer,buffer,buffer,C2,C,3,D,46,buffer,
buffer,buffer,buffer,D1,D,1,A,1,buffer,
buffer,buffer,buffer,D1,D,1,B,1,buffer,
buffer,buffer,buffer,D1,D,1,C,1,buffer,
buffer,buffer,buffer,D1,D,1,D,1,buffer,
(WV x WL2) x WV,,6,D1,D,1,A,2,1336,
WL2 x WV,,9,D1,D,1,B,2,948,
WL2-3,3,3,D1,D,1,C,2,115,
WV x WL2,,4,D1,D,1,D,2,1019,
WV x TM2,,1,D1,D,1,A,3,2010,
LV1 x TM2,,28,D1,D,1,B,3,512,
TM2 x DPR,,30,D1,D,1,C,3,678,
(TM2 x BH) x BH,,18,D1,D,1,D,3,1388,
SQ3 x TM2,,16,D1,D,1,A,4,560,
TM2 x (TM2 X WL2),,13,D1,D,1,B,4,1363,
WV,4,7,D1,D,1,C,4,266,
TM2-4,4,2,D1,D,1,D,4,44,
WL1,6,5,D1,D,1,A,5,352,
(TM2 x BH) x (TM2 x WL2),,5,D1,D,1,B,5,1236,
TM2 x WL1,,18,D1,D,1,C,5,696,
(TM2 x BH) x BH,,3,D1,D,1,D,5,2046,
SQ3,3,3,D1,D,1,A,6,331,
WV x TM2,,10,D1,D,1,B,6,995,
BH,5,3,D1,D,1,C,6,211,
(LV1 x WL2) x WL2,,15,D1,D,1,D,6,1149,
DPR x TM2,,4,D1,D,1,A,7,428,
WL1 x WL2,,27,D1,D,1,B,7,857,
WL1,3,1,D1,D,1,C,7,364,
LV1 x WL2,,17,D1,D,1,D,7,531,
TM2 x DPR,,18,D1,D,1,A,8,666,
WL2 x BH,,10,D1,D,1,B,8,789,
WV x (WV x WL2),,18,D1,D,1,C,8,1103,
CC,4,2,D1,D,1,D,8,249,
WL1 x TM2,,4,D1,D,1,A,9,775,
WL2-8,8,1,D1,D,1,B,9,127,
DPR,2,3,D1,D,1,C,9,223,
TM2 x WL2,,8,D1,D,1,D,9,716,
(TM2 x BH) x TM2,,13,D1,D,1,A,10,1224,
WL2-8,8,13,D1,D,1,B,10,139,
WV x (WV x WL2),,6,D1,D,1,C,10,1091,
LV1 x TM2,,13,D1,D,1,D,10,497,
SQ3 x TM2,,28,D1,D,1,A,11,572,
(WL2 x DPR) x WL2,,2,D1,D,1,B,11,1067,
TM2-6,6,4,D1,D,1,C,11,74,
(WL2 x DPR) x WL2,,14,D1,D,1,D,11,1079,
TM2 x CC,,15,D1,D,1,A,12,633,
TM2 x DPR,,6,D1,D,1,B,12,654,
TM2 x WV,,3,D1,D,1,C,12,741,
WL2 x DPR,,30,D1,D,1,D,12,890,
TM2-5,5,2,D1,D,1,A,13,58,
TM2 x BH,,14,D1,D,1,B,13,618,
(TM2 x WL2) x (TM2 x BH),,11,D1,D,1,C,13,1262,
(TM2 x BH) x BH,,6,D1,D,1,D,13,1376,
TM2-1,1,2,D1,D,1,A,14,2,
LV1 x WL2,,29,D1,D,1,B,14,543,
(TM2 x WL2) x WL2,,3,D1,D,1,C,14,1277,
WV,6,2,D1,D,1,D,14,278,
WL2-9,9,11,D1,D,2,A,15,151,
WV x WL2,,16,D1,D,2,B,15,1031,
WL2-10,10,9,D1,D,2,C,15,163,
WL2 x CC,,5,D1,D,2,D,15,814,
WL1 x WL2,,15,D1,D,2,A,16,845,
TM2-2,2,14,D1,D,2,B,16,28,
SQ3 x WL2,,16,D1,D,2,C,16,590,
(TM2 x BH) x TM2,,1,D1,D,2,D,16,1212,
LV1 x TM2,,1,D1,D,2,A,17,485,
(TM2 x BH) x (TM2 x WL2),,17,D1,D,2,B,17,1248,
DPR x WL2,,8,D1,D,2,C,17,468,
DPR x TM2,,28,D1,D,2,D,17,452,
TM2-2,2,2,D1,D,2,A,18,16,
WV x TM2,,22,D1,D,2,B,18,1007,
WV x WL2,,28,D1,D,2,C,18,1043,
TM2 x WL2,,20,D1,D,2,D,18,728,
(TM2 x WL2) x (YO11 x WL2),,8,D1,D,2,A,19,1302,
TM2 x YO11,,5,D1,D,2,B,19,759,
(TM2 x WL2) x WL2,,15,D1,D,2,C,19,1289,
(LV1 x WL2) x WL2,,3,D1,D,2,D,19,1137,
BH x WL2,,24,D1,D,2,A,20,388,
WL2-1,1,5,D1,D,2,B,20,103,
WV x (WV x WL2),,6,D1,D,2,C,20,2034,
BH,1,3,D1,D,2,D,20,199,
(LV1 x WL2) x WL2,,1,D1,D,2,A,21,2022,
LV1,6,1,D1,D,2,B,21,296,
TM2-7,7,4,D1,D,2,C,21,88,
DPR x TM2,,16,D1,D,2,D,21,440,
DPR,6,3,D1,D,2,A,22,235,
WL2-12,12,5,D1,D,2,B,22,187,
WL2-11,11,7,D1,D,2,C,22,175,
(WL2 x DPR) x DPR,,10,D1,D,2,D,22,1056,
WL2 x YO11,,23,D1,D,2,A,23,978,
TM2 x (TM2 x BH),,4,D1,D,2,B,23,1195,
buffer,buffer,buffer,D1,D,2,C,23,buffer,
buffer,buffer,buffer,D1,D,2,D,23,buffer,
LV1 x WL2,,12,D2,D,2,A,24,526,
buffer,buffer,buffer,D2,D,2,B,24,buffer,
buffer,buffer,buffer,D2,D,2,C,24,buffer,
SQ3 x WL2,,9,D2,D,2,D,24,583,
TM2 x CC,,10,D2,D,2,A,25,628,
DPR x (WL2 x DPR),,5,D2,D,2,B,25,1134,
WL1,8,4,D2,D,2,C,25,361,
(TM2 x WL2) x (TM2 x WL2),,11,D2,D,2,D,25,1274,
(LV1 x WL2) x WL2,,12,D2,D,2,A,26,1146,
DPR,1,3,D2,D,2,B,26,220,
(TM2 x BH) x (TM2 x WL2),,14,D2,D,2,C,26,1245,
LV1 x TM2,,10,D2,D,2,D,26,494,
BH,4,3,D2,D,2,A,27,208,
WV x (WV x WL2),,15,D2,D,2,B,27,2043,
(TM2 x BH) x (TM2 x WL2),,2,D2,D,2,C,27,1233,
(WL2 x DPR) x WL2,,11,D2,D,2,D,27,1076,
TM2 x WL2,,17,D2,D,2,A,28,725,
WL1 x WL2,,12,D2,D,2,B,28,842,
WV x TM2,,19,D2,D,2,C,28,1004,
WL2 x YO11,,13,D2,D,2,D,28,968,
WV x WL2,,13,D2,D,3,A,29,1028,
SQ3 x TM2,,13,D2,D,3,B,29,557,
WV x (WV x WL2),,3,D2,D,3,C,29,2031,
WL1,6,2,D2,D,3,D,29,349,
TM2 x DPR,,1,D2,D,3,A,30,2007,
TM2-2,2,11,D2,D,3,B,30,25,
WL2-1,1,2,D2,D,3,C,30,100,
TM2-7,7,1,D2,D,3,D,30,85,
LV1 x TM2,,25,D2,D,3,A,31,509,
LV1,4,1,D2,D,3,B,31,290,
TM2 x DPR,,27,D2,D,3,C,31,675,
WV x TM2,,7,D2,D,3,D,31,992,
WL2-1,1,14,D2,D,3,A,32,112,
WV,4,4,D2,D,3,B,32,263,
WL2-12,12,14,D2,D,3,C,32,196,
WL2-9,9,8,D2,D,3,D,32,148,
(TM2 x BH) x BH,,15,D2,D,3,A,33,1385,
DPR,5,3,D2,D,3,B,33,232,
(LV1 x WL2) x WL2,,4,D2,D,3,C,33,2019,
WL2 x DPR,,26,D2,D,3,D,33,886,
WL2-10,10,6,D2,D,3,A,34,160,
YO11,8,2,D2,D,3,B,34,320,
WV x WL2,,1,D2,D,3,C,34,1016,
WV x (WV x WL2),,15,D2,D,3,D,34,1100,
BH x WL2,,21,D2,D,3,A,35,385,
TM2 x WL1,,12,D2,D,3,B,35,690,
DPR x TM2,,25,D2,D,3,C,35,449,
(TM2 x BH) x TM2,,10,D2,D,3,D,35,1221,
WL2 x WL1,,23,D2,D,3,A,36,932,
TM2 x (TM2 x BH),,18,D2,D,3,B,36,1209,
WL2-11,11,4,D2,D,3,C,36,172,
TM2 x WL2,,29,D2,D,3,D,36,737,
TM2 x WV,,15,D2,D,3,A,37,753,
WV x WL2,,25,D2,D,3,B,37,1040,
DPR x WL2,,11,D2,D,3,C,37,465,
WL1 x WL2,,24,D2,D,3,D,37,854,
TM2-4,4,12,D2,D,3,A,38,54,
TM2 x WL2,,5,D2,D,3,B,38,713,
WL2-3,3,12,D2,D,3,C,38,124,
(WL2 x DPR) x DPR,,7,D2,D,3,D,38,1052,
(WL2 x DPR) x DPR,,19,D2,D,3,A,39,1055,
CC,3,1,D2,D,3,B,39,245,
TM2-2,2,15,D2,D,3,C,39,39,
WL2 x BH,,7,D2,D,3,D,39,786,
(TM2 x BH) x BH,,3,D2,D,3,A,40,1373,
LV1 x WL2,,26,D2,D,3,B,40,540,
DPR x TM2,,1,D2,D,3,C,40,425,
WV x (WV x WL2),,3,D2,D,3,D,40,1088,
WL1 x TM2,,1,D2,D,3,A,41,772,
(SQ3 x WL2) x WL2,,2,D2,D,3,B,41,1173,
SQ3 x TM2,,25,D2,D,3,C,41,569,
WL2-12,12,2,D2,D,3,D,41,184,
TM2-5,5,11,D2,D,3,A,42,67,
TM2 x DPR,,3,D2,D,3,B,42,651,
TM2 x DPR,,15,D2,D,3,C,42,663,
WL2 x BH,,27,D2,D,3,D,42,806,
DPR x TM2,,13,D2,D,3,A,43,437,
(TM2 x WL2) x (YO11 x WL2),,4,D2,D,3,B,43,1298,
TM2 x BH,,11,D2,D,3,C,43,615,
(WV x WL2) x WV,,20,D2,D,3,D,43,1350,
(WV x WL2) x WV,,3,D2,D,3,A,44,1333,
WL2-8,8,10,D2,D,3,B,44,136,
(TM2 x WL2) x WL2,,12,D2,D,3,C,44,1286,
(TM2 x WL2) x (TM2 x BH),,7,D2,D,3,D,44,1258,
WV,5,9,D2,D,3,A,45,275,
buffer,buffer,buffer,D2,D,3,B,45,buffer,
TM2-1,1,12,D2,D,3,C,45,12,
DPR x WL2,,28,D2,D,3,D,45,482,
buffer,buffer,buffer,D2,D,3,A,46,buffer,
buffer,buffer,buffer,D2,D,3,B,46,buffer,
buffer,buffer,buffer,D2,D,3,C,46,buffer,
buffer,buffer,buffer,D2,D,3,D,46,buffer,
buffer,buffer,buffer,E1,E,1,A,1,buffer,
buffer,buffer,buffer,E1,E,1,B,1,buffer,
buffer,buffer,buffer,E1,E,1,C,1,buffer,
buffer,buffer,buffer,E1,E,1,D,1,buffer,
WV,4,2,E1,E,1,A,2,261,
CC x TM2,,19,E1,E,1,B,2,413,
CC,2,2,E1,E,1,C,2,243,
WV x (WV x WL2),,1,E1,E,1,D,2,2029,
WL2-8,8,8,E1,E,1,A,3,134,
TM2 x BH,,7,E1,E,1,B,3,611,
WV x TM2,,5,E1,E,1,C,3,990,
SQ3 x WL2,,7,E1,E,1,D,3,581,
LV1 x WL2,,5,E1,E,1,A,4,519,
DPR x WL2,,13,E1,E,1,B,4,463,
(TM2 x WL2) x (TM2 x BH),,5,E1,E,1,C,4,1256,
(TM2 x BH) x BH,,13,E1,E,1,D,4,1383,
TM2 x YO11,,16,E1,E,1,A,5,770,
WL2-10,10,4,E1,E,1,B,5,158,
DPR x (WL2 x DPR),,3,E1,E,1,C,5,1132,
TM2 x WL2,,27,E1,E,1,D,5,735,
(WL2 x DPR) x DPR,,17,E1,E,1,A,6,1063,
WL1 x WL2,,22,E1,E,1,B,6,852,
(YO11 x WL2) x WL2,,11,E1,E,1,C,6,1321,
WL2 x WL1,,14,E1,E,1,D,6,923,
WL2-11,11,14,E1,E,1,A,7,182,
TM2-5,5,9,E1,E,1,B,7,65,
DPR,1,1,E1,E,1,C,7,218,
WL1 x WL2,,10,E1,E,1,D,7,840,
DPR x TM2,,11,E1,E,1,A,8,435,
(WL2 x DPR) x DPR,,5,E1,E,1,B,8,1050,
WL2-3,3,10,E1,E,1,C,8,122,
(WV x WL2) x WV,,18,E1,E,1,D,8,1348,
WV x WL2,,11,E1,E,1,A,9,1026,
LV1 x TM2,,8,E1,E,1,B,9,492,
(TM2 x WL2) x (YO11 x WL2),,2,E1,E,1,C,9,1296,
WL2 x BH,,5,E1,E,1,D,9,784,
(TM2 x BH) x BH,,1,E1,E,1,A,10,1371,
WL2-1,1,12,E1,E,1,B,10,110,
TM2-1,1,10,E1,E,1,C,10,10,
WL1,8,2,E1,E,1,D,10,359,
WV x (WV x WL2),,1,E1,E,1,A,11,1086,
TM2-6,6,11,E1,E,1,B,11,81,
TM2-3,3,8,E1,E,1,C,11,36,
TM2 x CC,,8,E1,E,1,D,11,626,
TM2 x DPR,,1,E1,E,1,A,12,2005,
WV x WL2,,3,E1,E,1,B,12,2017,
WV x WL2,,23,E1,E,1,C,12,1038,
SQ3 x TM2,,23,E1,E,1,D,12,567,
(TM2 x WL2) x (TM2 x WL2),,8,E1,E,1,A,13,1271,
WL2 x BH,,23,E1,E,1,B,13,802,
(LV1 x WL2) x WL2,,10,E1,E,1,C,13,1144,
BH x WL2,,19,E1,E,1,D,13,383,
DPR x TM2,,23,E1,E,1,A,14,447,
WV x (WV x WL2),,13,E1,E,1,B,14,2041,
TM2-7,7,14,E1,E,1,C,14,98,
TM2 x WL2,,15,E1,E,1,D,14,723,
TM2 x DPR,,25,E1,E,2,A,15,673,
WL1,4,3,E1,E,2,B,15,347,
(SQ3 x WL2) x (SQ3 x WL2),,3,E1,E,2,C,15,1165,
WV x (WV x WL2),,13,E1,E,2,D,15,1098,
LV1 x TM2,,22,E1,E,2,A,16,506,
(TM2 x WL2) x WL2,,10,E1,E,2,B,16,1284,
(TM2 x BH) x TM2,,8,E1,E,2,C,16,1219,
WL2-9,9,6,E1,E,2,D,16,146,
DPR,5,1,E1,E,2,A,17,230,
TM2 x WL1,,10,E1,E,2,B,17,688,
LV1,2,5,E1,E,2,C,17,286,
(WL2 x DPR) x WL2,,9,E1,E,2,D,17,1074,
TM2 x DPR,,1,E1,E,2,A,18,649,
WV x TM2,,29,E1,E,2,B,18,1014,
WL2-12,12,12,E1,E,2,C,18,194,
SQ3 x TM2,,11,E1,E,2,D,18,555,
TM2-2,2,9,E1,E,2,A,19,23,
TM2 x WL2,,3,E1,E,2,B,19,711,
WL2 x YO11,,5,E1,E,2,C,19,960,
TM2-4,4,9,E1,E,2,D,19,51,
WV,5,7,E1,E,2,A,20,273,
TM2 x WV,,12,E1,E,2,B,20,750,
TM2 x (TM2 x BH),,13,E1,E,2,C,20,1204,
DPR x WL2,,21,E1,E,2,D,20,475,
BH,4,1,E1,E,2,A,21,206,
WL2-11,11,2,E1,E,2,B,21,170,
TM2 x DPR,,13,E1,E,2,C,21,661,
(TM2 x BH) x TM2,,20,E1,E,2,D,21,1231,
LV1 x WL2,,24,E1,E,2,A,22,538,
(TM2 x BH) x (TM2 x WL2),,12,E1,E,2,B,22,1243,
WL2 x DPR,,19,E1,E,2,C,22,879,
WV x TM2,,17,E1,E,2,D,22,1002,
buffer,buffer,buffer,E1,E,2,A,23,buffer,
buffer,buffer,buffer,E1,E,2,B,23,buffer,
buffer,buffer,buffer,E1,E,2,C,23,buffer,
YO11,7,3,E1,E,2,D,23,318,
WL2 x WV,,8,E2,E,2,A,24,947,
TM2-6,6,1,E2,E,2,B,24,71,
buffer,buffer,buffer,E2,E,2,C,24,buffer,
(WL2 x DPR) x WL2,,13,E2,E,2,D,24,1078,
(LV1 x WL2) x WL2,,14,E2,E,2,A,25,1148,
WL1 x WL2,,26,E2,E,2,B,25,856,
YO11,8,4,E2,E,2,C,25,322,
DPR,6,2,E2,E,2,D,25,234,
(WL2 x DPR) x WL2,,1,E2,E,2,A,26,1066,
WL1,6,4,E2,E,2,B,26,351,
DPR x TM2,,3,E2,E,2,C,26,427,
DPR x TM2,,15,E2,E,2,D,26,439,
BH x WL2,,23,E2,E,2,A,27,387,
WL1 x WL2,,14,E2,E,2,B,27,844,
(TM2 x BH) x BH,,5,E2,E,2,C,27,1375,
(TM2 x WL2) x WL2,,14,E2,E,2,D,27,1288,
WL2 x CC,,3,E2,E,2,A,28,812,
TM2 x WL2,,7,E2,E,2,B,28,715,
WL2-10,10,8,E2,E,2,C,28,162,
LV1 x TM2,,12,E2,E,2,D,28,496,
WV,4,6,E2,E,3,A,29,265,
WL2-9,9,10,E2,E,3,B,29,150,
TM2-2,2,17,E2,E,3,C,29,41,
(TM2 x WL2) x (TM2 x BH),,10,E2,E,3,D,29,1261,
WL2 x YO11,,20,E2,E,3,A,30,975,
BH,1,2,E2,E,3,B,30,198,
WL1,2,3,E2,E,3,C,30,363,
SQ3 x TM2,,15,E2,E,3,D,30,559,
LV1 x WL2,,28,E2,E,3,A,31,542,
WL2-1,1,4,E2,E,3,B,31,102,
WL2 x BH,,9,E2,E,3,C,31,788,
WV x TM2,,2,E2,E,3,D,31,2009,
WV x TM2,,9,E2,E,3,A,32,994,
(TM2 x BH) x BH,,17,E2,E,3,B,32,1387,
TM2 x (TM2 x BH),,3,E2,E,3,C,32,1194,
TM2 x DPR,,5,E2,E,3,D,32,653,
(TM2 x BH) x BH,,2,E2,E,3,A,33,2045,
LV1 x TM2,,27,E2,E,3,B,33,511,
(WV x WL2) x WV,,5,E2,E,3,C,33,1335,
WV x (WV x WL2),,5,E2,E,3,D,33,2033,
(TM2 x BH) x (TM2 x WL2),,16,E2,E,3,A,34,1247,
BH,5,2,E2,E,3,B,34,210,
TM2 x YO11,,3,E2,E,3,C,34,757,
WV x WL2,,15,E2,E,3,D,34,1030,
WL2-11,11,6,E2,E,3,A,35,174,
TM2 x WV,,1,E2,E,3,B,35,739,
(TM2 x BH) x (TM2 x WL2),,4,E2,E,3,C,35,1235,
DPR,2,2,E2,E,3,D,35,222,
WV x WL2,,3,E2,E,3,A,36,1018,
WL2 x DPR,,28,E2,E,3,B,36,888,
WL1 x TM2,,3,E2,E,3,C,36,774,
SQ3 x TM2,,27,E2,E,3,D,36,571,
LV1 x WL2,,16,E2,E,3,A,37,530,
CC,4,1,E2,E,3,B,37,248,
LV1,5,2,E2,E,3,C,37,294,
TM2 x BH,,13,E2,E,3,D,37,617,
WL2-8,8,12,E2,E,3,A,38,138,
TM2 x WL2,,19,E2,E,3,B,38,727,
TM2 x DPR,,17,E2,E,3,C,38,665,
WL2-3,3,14,E2,E,3,D,38,126,
TM2 x WL1,,15,E2,E,3,A,39,693,
SQ3 x WL2,,12,E2,E,3,B,39,586,
(TM2 x WL2) x WL2,,2,E2,E,3,C,39,1276,
WV x TM2,,21,E2,E,3,D,39,1006,
WV x WL2,,27,E2,E,3,A,40,1042,
(LV1 x WL2) x WL2,,2,E2,E,3,B,40,2021,
TM2 x CC,,13,E2,E,3,C,40,631,
DPR x WL2,,30,E2,E,3,D,40,484,
WL2-12,12,4,E2,E,3,A,41,186,
TM2-2,2,13,E2,E,3,B,41,27,
(TM2 x WL2) x (YO11 x WL2),,7,E2,E,3,C,41,1301,
(LV1 x WL2) x WL2,,2,E2,E,3,D,41,1136,
WV x (WV x WL2),,17,E2,E,3,A,42,1102,
TM2 x (TM2 x BH),,20,E2,E,3,B,42,1211,
DPR x TM2,,27,E2,E,3,C,42,451,
TM2 x DPR,,29,E2,E,3,D,42,677,
TM2-5,5,1,E2,E,3,A,43,57,
WL2-3,3,2,E2,E,3,B,43,114,
TM2 x (TM2 X WL2),,12,E2,E,3,C,43,1362,
TM2-2,2,1,E2,E,3,D,43,15,
TM2-7,7,3,E2,E,3,A,44,87,
WV,6,1,E2,E,3,B,44,277,
(WL2 x DPR) x DPR,,9,E2,E,3,C,44,1054,
WV x (WV x WL2),,5,E2,E,3,D,44,1090,
DPR x WL2,,9,E2,E,3,A,45,467,
(TM2 x BH) x TM2,,12,E2,E,3,B,45,1223,
TM2-1,1,1,E2,E,3,C,45,1,
buffer,buffer,buffer,E2,E,3,D,45,buffer,
buffer,buffer,buffer,E2,E,3,A,46,buffer,
buffer,buffer,buffer,E2,E,3,B,46,buffer,
buffer,buffer,buffer,E2,E,3,C,46,buffer,
buffer,buffer,buffer,E2,E,3,D,46,buffer,
buffer,buffer,buffer,F1,F,1,A,1,buffer,
buffer,buffer,buffer,F1,F,1,B,1,buffer,
buffer,buffer,buffer,F1,F,1,C,1,buffer,
buffer,buffer,buffer,F1,F,1,D,1,buffer,
(WL2 x DPR) x WL2,,17,F1,F,1,A,2,1082,
(TM2 x BH) x (TM2 x WL2),,20,F1,F,1,B,2,1251,
TM2 x YO11,,10,F1,F,1,C,2,764,
TM2-1,1,5,F1,F,1,D,2,5,
(TM2 x BH) x BH,,9,F1,F,1,A,3,1379,
LV1 x WL2,,20,F1,F,1,B,3,534,
DPR x TM2,,19,F1,F,1,C,3,443,
(WL2 x DPR) x DPR,,13,F1,F,1,D,3,1059,
WV x (WV x WL2),,9,F1,F,1,A,4,1094,
(WV x WL2) x WV,,9,F1,F,1,B,4,1339,
TM2 x DPR,,21,F1,F,1,C,4,669,
LV1 x WL2,,1,F1,F,1,D,4,515,
TM2 x WV,,8,F1,F,1,A,5,746,
WV,5,3,F1,F,1,B,5,269,
TM2 x WL1,,29,F1,F,1,C,5,707,
TM2-3,3,3,F1,F,1,D,5,31,
WL2-8,8,4,F1,F,1,A,6,130,
CC,6,1,F1,F,1,B,6,254,
DPR x WL2,,1,F1,F,1,C,6,455,
TM2-7,7,9,F1,F,1,D,6,93,
TM2 x WL2,,23,F1,F,1,A,7,731,
BH,6,3,F1,F,1,B,7,214,
(LV1 x WL2) x WL2,,7,F1,F,1,C,7,2025,
(TM2 x BH) x TM2,,4,F1,F,1,D,7,1215,
WL2-9,9,2,F1,F,1,A,8,142,
WL2-12,12,8,F1,F,1,B,8,190,
BH x WL2,,11,F1,F,1,C,8,375,
TM2 x CC,,23,F1,F,1,D,8,641,
TM2 x WL2,,1,F1,F,1,A,9,2001,
WL2-11,11,10,F1,F,1,B,9,178,
YO11,2,3,F1,F,1,C,9,306,
DPR x WL2,,17,F1,F,1,D,9,471,
SQ3 x TM2,,6,F1,F,1,A,10,550,
LV1,2,1,F1,F,1,B,10,282,
TM2 x CC,,3,F1,F,1,C,10,621,
SQ3 x WL2,,1,F1,F,1,D,10,575,
TM2 x DPR,,9,F1,F,1,A,11,657,
LV1 x TM2,,16,F1,F,1,B,11,500,
TM2-6,6,7,F1,F,1,C,11,77,
WL2 x BH,,16,F1,F,1,D,11,795,
WV x (WV x WL2),,9,F1,F,1,A,12,2037,
(WL2 x DPR) x DPR,,1,F1,F,1,B,12,1046,
WL2 x WL1,,5,F1,F,1,C,12,914,
DPR x TM2,,7,F1,F,1,D,12,431,
(TM2 x WL2) x WL2,,6,F1,F,1,A,13,1280,
(LV1 x WL2) x (SQ3 x WL2),,7,F1,F,1,B,13,1112,
WL1 x TM2,,7,F1,F,1,C,13,778,
WL1 x WL2,,18,F1,F,1,D,13,848,
TM2 x WL1,,4,F1,F,1,A,14,682,
LV1 x TM2,,4,F1,F,1,B,14,488,
DPR,7,3,F1,F,1,C,14,238,
(WL2 x DPR) x WL2,,5,F1,F,1,D,14,1070,
WL1,7,3,F1,F,2,A,15,355,
WV x TM2,,25,F1,F,2,B,15,1010,
WL2-3,3,6,F1,F,2,C,15,118,
WV x TM2,,2,F1,F,2,D,15,2013,
WL2-10,10,12,F1,F,2,A,16,166,
WV x WL2,,19,F1,F,2,B,16,1034,
CC x TM2,,6,F1,F,2,C,16,400,
TM2 x BH,,2,F1,F,2,D,16,606,
TM2 x (TM2 x BH),,7,F1,F,2,A,17,1198,
(TM2 x BH) x TM2,,16,F1,F,2,B,17,1227,
(TM2 x BH) x (TM2 x WL2),,8,F1,F,2,C,17,1239,
DPR,3,3,F1,F,2,D,17,226,
BH,2,3,F1,F,2,A,18,202,
WV x TM2,,1,F1,F,2,B,18,986,
(TM2 x BH) x BH,,2,F1,F,2,C,18,2049,
TM2 x WL2,,11,F1,F,2,D,18,719,
(LV1 x WL2) x WL2,,6,F1,F,2,A,19,1140,
WL2-9,9,14,F1,F,2,B,19,154,
(YO11 x WL2) x WL2,,2,F1,F,2,C,19,1312,
(LV1 x WL2) x WL2,,18,F1,F,2,D,19,1152,
(TM2 x WL2) x (TM2 x WL2),,3,F1,F,2,A,20,1266,
WV x TM2,,13,F1,F,2,B,20,998,
TM2-4,4,5,F1,F,2,C,20,47,
SQ3,6,3,F1,F,2,D,20,340,
WL1 x WL2,,30,F1,F,2,A,21,860,
WL2-1,1,8,F1,F,2,B,21,106,
TM2-5,5,5,F1,F,2,C,21,61,
TM2 x (TM2 X WL2),,16,F1,F,2,D,21,1366,
(TM2 x WL2) x WL2,,18,F1,F,2,A,22,1292,
WV x WL2,,7,F1,F,2,B,22,1022,
WL2 x CC,,20,F1,F,2,C,22,829,
TM2-2,2,5,F1,F,2,D,22,19,
SQ3 x TM2,,19,F1,F,2,A,23,563,
buffer,buffer,buffer,F1,F,2,B,23,buffer,
WL2 x WV,,12,F1,F,2,C,23,951,
buffer,buffer,buffer,F1,F,2,D,23,buffer,
buffer,buffer,buffer,F2,F,2,A,24,buffer,
WV x TM2,,20,F2,F,2,B,24,1005,
TM2 x DPR,,4,F2,F,2,C,24,652,
buffer,buffer,buffer,F2,F,2,D,24,buffer,
TM2-2,2,16,F2,F,2,A,25,40,
(TM2 x WL2) x (YO11 x WL2),,6,F2,F,2,B,25,1300,
WV x (WV x WL2),,16,F2,F,2,C,25,1101,
(TM2 x BH) x BH,,16,F2,F,2,D,25,1386,
TM2-2,2,12,F2,F,2,A,26,26,
TM2-5,5,12,F2,F,2,B,26,68,
LV1 x TM2,,11,F2,F,2,C,26,495,
WL1 x WL2,,13,F2,F,2,D,26,843,
WL2-1,1,3,F2,F,2,A,27,101,
WL2 x DPR,,27,F2,F,2,B,27,887,
WL2 x BH,,8,F2,F,2,C,27,787,
(TM2 x BH) x BH,,4,F2,F,2,D,27,1374,
SQ3 x TM2,,14,F2,F,2,A,28,558,
TM2 x DPR,,16,F2,F,2,B,28,664,
DPR x WL2,,10,F2,F,2,C,28,466,
YO11,8,3,F2,F,2,D,28,321,
(LV1 x WL2) x WL2,,13,F2,F,3,A,29,1147,
SQ3 x TM2,,26,F2,F,3,B,29,570,
TM2 x WL1,,13,F2,F,3,C,29,691,
BH,5,1,F2,F,3,D,29,209,
BH x WL2,,22,F2,F,3,A,30,386,
(TM2 x WL2) x WL2,,13,F2,F,3,B,30,1287,
WL1,6,3,F2,F,3,C,30,350,
DPR x WL2,,29,F2,F,3,D,30,483,
WL2 x WL1,,29,F2,F,3,A,31,938,
WV x (WV x WL2),,4,F2,F,3,B,31,1089,
(TM2 x BH) x (TM2 x WL2),,3,F2,F,3,C,31,1234,
TM2 x WL2,,1,F2,F,3,D,31,2008,
(TM2 x WL2) x (TM2 x BH),,9,F2,F,3,A,32,1260,
WL2-12,12,3,F2,F,3,B,32,185,
TM2 x DPR,,28,F2,F,3,C,32,676,
WL2-3,3,1,F2,F,3,D,32,113,
WL2-8,8,11,F2,F,3,A,33,137,
WL2-3,3,13,F2,F,3,B,33,125,
CC,3,2,F2,F,3,C,33,246,
TM2-7,7,2,F2,F,3,D,33,86,
TM2 x WL2,,6,F2,F,3,A,34,714,
TM2-4,4,13,F2,F,3,B,34,55,
WV x WL2,,14,F2,F,3,C,34,1029,
DPR,6,1,F2,F,3,D,34,233,
TM2 x WL2,,18,F2,F,3,A,35,726,
(TM2 x BH) x TM2,,11,F2,F,3,B,35,1222,
WV,5,10,F2,F,3,C,35,276,
WV x TM2,,8,F2,F,3,D,35,993,
WL1 x WL2,,25,F2,F,3,A,36,855,
DPR x TM2,,2,F2,F,3,B,36,426,
(SQ3 x WL2) x WL2,,14,F2,F,3,C,36,1185,
WV x WL2,,26,F2,F,3,D,36,1041,
WL2 x BH,,28,F2,F,3,A,37,807,
(LV1 x WL2) x WL2,,1,F2,F,3,B,37,1135,
(WL2 x DPR) x DPR,,20,F2,F,3,C,37,1065,
TM2 x WL2,,30,F2,F,3,D,37,738,
WL1 x TM2,,2,F2,F,3,A,38,773,
(TM2 x WL2) x WL2,,1,F2,F,3,B,38,1275,
SQ3 x WL2,,11,F2,F,3,C,38,585,
TM2 x YO11,,2,F2,F,3,D,38,756,
WV x (WV x WL2),,4,F2,F,3,A,39,2032,
(WL2 x DPR) x DPR,,8,F2,F,3,B,39,1053,
(WL2 x DPR) x WL2,,12,F2,F,3,C,39,1077,
WL2-10,10,7,F2,F,3,D,39,161,
TM2 x CC,,12,F2,F,3,A,40,630,
LV1 x WL2,,27,F2,F,3,B,40,541,
TM2 x (TM2 x BH),,19,F2,F,3,C,40,1210,
WL2 x YO11,,14,F2,F,3,D,40,969,
(WV x WL2) x WV,,4,F2,F,3,A,41,1334,
DPR x TM2,,26,F2,F,3,B,41,450,
TM2 x BH,,12,F2,F,3,C,41,616,
LV1 x TM2,,26,F2,F,3,D,41,510,
WV,4,5,F2,F,3,A,42,264,
(TM2 x BH) x BH,,1,F2,F,3,B,42,2044,
(TM2 x BH) x (TM2 x WL2),,15,F2,F,3,C,42,1246,
TM2-1,1,14,F2,F,3,D,42,14,
LV1 x WL2,,15,F2,F,3,A,43,529,
WL2-11,11,5,F2,F,3,B,43,173,
(LV1 x WL2) x WL2,,3,F2,F,3,C,43,2020,
LV1,5,1,F2,F,3,D,43,293,
DPR,2,1,F2,F,3,A,44,221,
WL2-9,9,9,F2,F,3,B,44,149,
WV x WL2,,2,F2,F,3,C,44,1017,
TM2 x (TM2 X WL2),,2,F2,F,3,D,44,1352,
BH,1,1,F2,F,3,A,45,197,
WL1,1,1,F2,F,3,B,45,362,
DPR x TM2,,14,F2,F,3,C,45,438,
buffer,buffer,buffer,F2,F,3,D,45,buffer,
buffer,buffer,buffer,F2,F,3,A,46,buffer,
buffer,buffer,buffer,F2,F,3,B,46,buffer,
buffer,buffer,buffer,F2,F,3,C,46,buffer,
buffer,buffer,buffer,F2,F,3,D,46,buffer,