bed,row,col,pop.id,mf,dame_mf,sire_mf,rep,Unique.ID
C,1,A,buffer,,,,,buffer
C,1,B,buffer,,,,,buffer
C,2,A,buffer,,,,,buffer
C,2,B,buffer,,,,,buffer
C,3,A,buffer,,,,,buffer
C,3,B,buffer,,,,,buffer
C,4,A,(WV x WL2) x (WL2 x BH),2_2,2,2,7,2566
C,4,B,(SQ3 x WL2) x (WL2),12_16-A,12,16-A,23,2595
C,5,A,TM2,,,,87,2642
C,5,B,buffer,,,,,buffer
C,6,A,(WL2 x BH) x (WL2 x CC),1_2,1,2,1,2509
C,6,B,(WL2 x WV) x (CC x WL2),1_1,1,1,4,2549
C,7,A,(WL2 x TM2) x (CC x TM2),2-3_2-3,2-3,2-3,8,2452
C,7,B,(SQ3 x WL2) x (WL2),3_13-B,3,13-B,4,2095
C,8,A,(WL2 x TM2) x (WL2 x BH),1_2,1,2,2,2291
C,8,B,(WL2 x TM2) x (TM2),2_1-3,2,1-3,14,2252
C,9,A,NA,,,,,NA
C,9,B,TM2,8,8,,63,2634
C,10,A,(WV x WL2) x (WL2 x CC),3_1,3,1,8,2466
C,10,B,(WL2 x WV) x (CC x WL2),1_1,1,1,7,2302
C,11,A,(WV x TM2) x (TM2 x WL2),2_1,2,1,7,2338
C,11,B,(WV x TM2) x (TM2 x WL2),2_1,2,1,1,2605
C,12,A,(WL2) x (WL2 x TM2),3-14_2,3-14,2,11,2326
C,12,B,WL1,13,13,,17,1819
C,13,A,(WL2 x BH) x (WL2 x CC),1_2,1,2,7,2520
C,13,B,(DPR x TM2) x (TM2 x WL2),3_2,3,2,5,2591
C,14,A,(TM2 x WL2) x (TM2),3_2-13,3,2-13,22,2150
C,14,B,WL2,10,10,,92,1915
C,15,A,(WV x WL2) x (WL2 x CC),3_1,3,1,11,2472
C,15,B,LV1 x WL2,14_8,14,8,4,1981
C,16,A,WL2 x LV1,2-A_14-A,2-A,14-A,5,2023
C,16,B,WL2,9,9,,85,1908
C,17,A,TM2,12,12,,83,1787
C,17,B,(WL2 x TM2) x (TM2),2_1-3,2,1-3,36,2274
C,18,A,(LV1 x WL2) x (WL2),6_16-A,6,16-A,4,2090
C,18,B,WL2,6,6,,60,1883
C,19,A,(CC x WL2) x (WL2),4_13-B,4,13-B,3,2063
C,19,B,(WL2 x TM2) x (CC x TM2),2-3_2-3,2-3,2-3,6,2236
C,20,A,(DPR x TM2) x (TM2 x WL2),3_2,3,2,5,2592
C,20,B,(WL2 x BH) x (WL2 x CC),2_3,2,3,22,2213
C,21,A,(WV x WL2) x (WV),20_7-3,20,7-3,3,2370
C,21,B,(DPR x WL2) x (YO11 x WL2),,,,4,698
C,22,A,TM2,9,9,,70,2638
C,22,B,buffer,,,,,buffer
C,23,A,WL2 x DPR,,,,2,2489
C,23,B,(WV x WL2) x (WL2 x BH),2_2,2,2,6,2564
C,24,A,buffer,,,,,buffer
C,24,B,WL2,,,,23,118
C,25,A,(TM2) x (TM2 x WL2),2-1_2,2-1,2,3,2505
C,25,B,(DPR x WL2) x (WV x WL2),,,,3,1459
C,26,A,(TM2 x WL2) x (TM2),3_2-13,3,2-13,27,2602
C,26,B,(WL2 x TM2) x (TM2),2_1-3,2,1-3,46,2284
C,27,A,(WL2) x (WL2 x TM2),3-14_2,3-14,2,8,2323
C,27,B,buffer,,,,,buffer
C,28,A,DPR x WL2,,,,2,2478
C,28,B,(WV x TM2) x (WL2 x TM2),3_1,3,1,1,2557
C,29,A,TM2,11,11,,76,1780
C,29,B,(WL2 x TM2) x (WL2 x BH),1_2,1,2,1,2454
C,30,A,NA,,,,,NA
C,30,B,(WL1 x WL2) x (BH x WL2),,,,10,341
C,31,A,LV1 x TM2,,,,4,1228
C,31,B,(LV1 x WL2) x (WL2),6_16-A,6,16-A,3,2442
C,32,A,(YO11 x WL2) x (WL2),,,,13,939
C,32,B,SQ3,7,7,,17,1700
C,33,A,(WL2 x BH) x (WL2 x CC),1_2,1,2,10,2523
C,33,B,WL2,,,,88,183
C,34,A,TM2,5,5,,41,1745
C,34,B,(WV x WL2) x (WL2 x CC),3_1,3,1,8,2467
C,35,A,SQ3,5,5,,3,2396
C,35,B,WL1 x WL2,2-2_10-1,2-2,10-1,4,2427
C,36,A,WL2,,,,82,1905
C,36,B,buffer,,,,,buffer
C,37,A,(YO11 x WL2) x (WL2),4_13-B,4,13-B,2,2381
C,37,B,TM2 x WL2,,,,13,1289
C,38,A,WL1 x WL2,2-2_10-1,2-2,10-1,4,2009
C,38,B,(WL2 x CC) x (YO11 x WL2),2_3,2,3,1,2230
C,39,A,WL2 x CC,,,,1,2487
C,39,B,WL2,5,5,,43,1866
C,40,A,(CC x WL2) x (WL2),4_13-B,4,13-B,9,2069
C,40,B,DPR,20,20,,17,2621
C,41,A,YO11 x WL2,,,,1,2493
C,41,B,(WV x WL2) x (WV),20_7-3,20,7-3,3,2574
C,42,A,TM2,6,6,,43,1747
C,42,B,buffer,,,,,buffer
C,43,A,(LV1 x WL2) x (WL2),,,,10,73
C,43,B,(WL2 x BH) x (WL2 x CC),1_2,1,2,9,2522
C,44,A,(WV x TM2) x (WL2 x TM2),3_1,3,1,2,2558
C,44,B,(TM2) x (TM2 x WL2),2-1_2,2-1,2,1,2169
C,45,A,(TM2 x WL2) x (WL1 x TM2),2_1,2,1,2,2165
C,45,B,(WL2) x (WL2 x TM2),3-14_2,3-14,2,13,2328
C,46,A,WL1,18,18,,9,2408
C,46,B,TM2 x WL2,,,,15,2392
C,47,A,(TM2 x WL2) x (TM2),3_2-13,3,2-13,26,2154
C,47,B,WV,12,12,,12,1933
C,48,A,WL2,7,7,,70,1893
C,48,B,BH x WL2,1-3_8-10,1-3,8-10,4,2411
C,49,A,buffer,,,,,buffer
C,49,B,(WL2 x WV) x (CC x WL2),1_1,1,1,5,2551
C,50,A,BH,1,1,,21,1620
C,50,B,BH,,,,18,404
C,51,A,(WV) x (WV x WL2),3_22,3,22,2,2579
C,51,B,(WV x WL2) x (WL2 x CC),3_1,3,1,9,2361
C,52,A,buffer,,,,,buffer
C,52,B,buffer,,,,,buffer
C,53,A,SQ3 x WL2,6-C_8-A,6-C,8-A,2,1990
C,53,B,(WL2 x TM2) x (TM2),2_1-3,2,1-3,48,2286
C,54,A,TM2,,,,91,1795
C,54,B,buffer,,,,,buffer
C,55,A,WL2 x DPR,,,,2,2488
C,55,B,WL2 x LV1,8-1_14-1,8-1,14-1,2,2020
C,56,A,WV,11,11,,15,1936
C,56,B,(TM2) x (TM2 x WL2),2-1_2,2-1,2,5,2173
C,57,A,(WV x TM2) x (TM2 x WL2),2_1,2,1,3,2608
C,57,B,SQ3,12,12,,11,2398
C,58,A,BH,,,,9,395
C,58,B,WL2,10,10,,93,1916
C,59,A,buffer,,,,,buffer
C,59,B,buffer,,,,,buffer
C,60,A,buffer,,,,,buffer
C,60,B,buffer,,,,,buffer
C,1,C,buffer,,,,,buffer
C,1,D,buffer,,,,,buffer
C,2,C,buffer,,,,,buffer
C,2,D,buffer,,,,,buffer
C,3,C,buffer,,,,,buffer
C,3,D,buffer,,,,,buffer
C,4,C,(TM2 x WL2) x (TM2 x BH),14_13,14,13,2,2127
C,4,D,NA,,,,,NA
C,5,C,(WL2 x CC) x (WL2 x BH),1_1,1,1,2,2228
C,5,D,NA,,,,,NA
C,6,C,DPR x WL2,,,,1,2476
C,6,D,(WL2) x (WL2 x BH),3-14_1,3-14,1,6,2314
C,7,C,WL2 x YO11,8-1_14-10,8-1,14-10,5,2051
C,7,D,SQ3 x WL2,6-C_8-A,6-C,8-A,3,2419
C,8,C,WL2,1,1,,3,1826
C,8,D,SQ3,7,7,,16,1699
C,9,C,(WL2 x BH) x (WL2 x CC),1_2,1,2,9,2200
C,9,D,NA,,,,,NA
C,10,C,WL1 x WL2,2-3_2-2,2-3,2-2,1,2006
C,10,D,NA,,,,,NA
C,11,C,(WV x WL2) x (WL2 x BH),2_2,2,2,5,2563
C,11,D,(TM2) x (TM2 x WL2),2-1_2,2-1,2,2,2170
C,12,C,CC,1,1,,1,1621
C,12,D,(WL2 x TM2) x (TM2),2_1-3,2,1-3,20,2258
C,13,C,DPR,20,20,,15,2619
C,13,D,WL2 x WV,,,,2,2041
C,14,C,YO11,4,4,,8,1950
C,14,D,WL2,5,5,,50,1873
C,15,C,TM2,4,4,,34,1738
C,15,D,(WL2 x WV) x (CC x WL2),1_1,1,1,9,2555
C,16,C,(WV x WL2) x (WL2 x CC),3_1,3,1,7,2359
C,16,D,(SQ3 x WL2) x (WL2),5_13-B,5,13-B,24,2115
C,17,C,BH,2,2,,9,1608
C,17,D,(WL2 x BH) x (WL2 x TM2),2_3,2,3,4,2217
C,18,C,WL1,8,8,,1,2402
C,18,D,WV,12,12,,10,1931
C,19,C,WL2,4,4,,38,1861
C,19,D,(YO11 x WL2) x (WL2),4_13-B,4,13-B,12,2391
C,20,C,(WV x WL2) x (WL2 x CC),3_1,3,1,8,2360
C,20,D,(WL2 x TM2) x (TM2),2_1-3,2,1-3,16,2254
C,21,C,(WL2 x WV) x (CC x WL2),1_1,1,1,8,2303
C,21,D,(WL2 x WV) x (CC x WL2),1_1,1,1,5,2550
C,22,C,(SQ3 x WL2) x (WL2),12_16-A,12,16-A,12,2499
C,22,D,(WV x TM2) x (TM2 x WL2),2_1,2,1,2,2606
C,23,C,WL1,8,8,,5,2405
C,23,D,(DPR) x (WL2 x DPR),,,,11,737
C,24,C,(CC x WL2) x (WL2),4_13-B,4,13-B,10,2070
C,24,D,WL2,9,9,,88,1911
C,25,C,WL1,13,13,,18,1820
C,25,D,WL2,1,1,,5,1828
C,26,C,NA,,,,,NA
C,26,D,NA,,,,,NA
C,27,C,NA,,,,,NA
C,27,D,NA,,,,,NA
C,28,C,WV,12,12,,11,1932
C,28,D,buffer,,,,,buffer
C,29,C,(DPR) x (DPR x WL2),,,,1,711
C,29,D,(WL2 x TM2) x (TM2),2_1-3,2,1-3,31,2269
C,30,C,DPR,20,20,,16,2620
C,30,D,(WL2 x TM2) x (TM2),2_1-3,2,1-3,50,2646
C,31,C,SQ3 x WL2,6-C_8-A,6-C,8-A,1,2420
C,31,D,(SQ3 x WL2) x (WL2),3_13-B,3,13-B,5,2096
C,32,C,(WV) x (WV x WL2),3_22,3,22,4,2580
C,32,D,WL2 x LV1,2-A_14-A,2-A,14-A,5,2430
C,33,C,(WV x TM2) x (TM2 x WL2),1_1,1,1,8,2339
C,33,D,BH x WL2,1-3_8-10,1-3,8-10,4,2410
C,34,C,(WV x WL2) x (WL2 x CC),3_1,3,1,10,2471
C,34,D,(WL2 x BH) x (WL2 x CC),1_2,1,2,10,2201
C,35,C,(WL2 x BH) x (WL2 x TM2),2_3,2,3,5,2218
C,35,D,(TM2 x WL2) x (TM2),3_2-13,3,2-13,25,2153
C,36,C,buffer,,,,,buffer
C,36,D,buffer,,,,,buffer
C,37,C,(WL2 x TM2) x (TM2),2_1-3,2,1-3,22,2260
C,37,D,(DPR) x (DPR x WL2),,,,4,714
C,38,C,LV1 x WL2,14_8,14,8,5,1982
C,38,D,TM2,,,,69,539
C,39,C,(WL2 x BH) x (WL2 x TM2),2_3,2,3,7,2220
C,39,D,WL1,13,13,,19,1821
C,40,C,TM2 x WL2,2_2,2,2,1,1992
C,40,D,(WL2 x BH) x (WL2 x CC),1_2,1,2,13,2204
C,41,C,(WV x TM2) x (TM2 x WL2),2_1,2,1,3,2607
C,41,D,(WL2 x WV) x (CC x WL2),1_1,1,1,8,2554
C,42,C,(SQ3 x WL2) x (WL2),3_13-B,3,13-B,6,2446
C,42,D,WL2 x WV,,,,4,2043
C,43,C,(WL1 x WL2) x (WL2 x TM2),,,,11,1156
C,43,D,(TM2 x BH) x (TM2 x WL2),,,,15,1048
C,44,C,LV1 x WL2,,,,2,1252
C,44,D,(TM2 x WL2) x (TM2 x WL2),,,,4,1085
C,45,C,NA,,,,,NA
C,45,D,BH,,,,8,394
C,46,C,NA,,,,,NA
C,46,D,TM2,8,8,,62,1766
C,47,C,(WL2 x TM2) x (TM2),2_1-3,2,1-3,17,2255
C,47,D,(WV) x (WV x WL2),,,,13,1399
C,48,C,(SQ3 x WL2) x (WL2),,,,10,89
C,48,D,WL2,10,10,,96,1919
C,49,C,(WL2 x TM2) x (TM2),2_1-3,2,1-3,45,2643
C,49,D,DPR x WL2,,,,3,2480
C,50,C,TM2,,,,90,1794
C,50,D,(SQ3 x WL2) x (WL2),3_13-B,3,13-B,6,2097
C,51,C,SQ3,12,12,,11,2397
C,51,D,WL2,1,1,,8,1831
C,52,C,(WL2 x BH) x (WL2 x CC),1_2,1,2,5,2516
C,52,D,SQ3,7,7,,18,1701
C,53,C,(WL2) x (WL2 x BH),3-14_1,3-14,1,3,2311
C,53,D,TM2,11,11,,76,2640
C,54,C,buffer,,,,,buffer
C,54,D,buffer,,,,,buffer
C,55,C,WL1 x WL2,2-3_2-2,2-3,2-2,3,2423
C,55,D,(WL2 x BH) x (WL2 x CC),1_2,1,2,7,2519
C,56,C,(WL2 x TM2) x (CC x TM2),2-3_2-3,2-3,2-3,6,2450
C,56,D,(WV x TM2) x (WL2 x TM2),3_1,3,1,2,2559
C,57,C,TM2,,,,94,1798
C,57,D,WL2,2,2,,12,1835
C,58,C,WL2 x TM2,,,,4,2031
C,58,D,(WL2) x (WL2 x BH),3-14_1,3-14,1,3,2457
C,59,C,buffer,,,,,buffer
C,59,D,buffer,,,,,buffer
C,60,C,buffer,,,,,buffer
C,60,D,buffer,,,,,buffer
D,1,A,buffer,,,,,buffer
D,1,B,buffer,,,,,buffer
D,2,A,buffer,,,,,buffer
D,2,B,buffer,,,,,buffer
D,3,A,buffer,,,,,buffer
D,3,B,buffer,,,,,buffer
D,4,A,TM2 x WL2,2_2,2,2,2,1993
D,4,B,SQ3,7,7,,21,1704
D,5,A,LV1 x WL2,14_8,14,8,4,2483
D,5,B,(WL2 x TM2) x (TM2),2_1-3,2,1-3,1,2239
D,6,A,NA,,,,,NA
D,6,B,NA,,,,,NA
D,7,A,NA,,,,,NA
D,7,B,NA,,,,,NA
D,8,A,(CC x WL2) x (WL2),4_2A,4,2A,15,2075
D,8,B,NA,,,,,NA
D,9,A,(TM2 x WL2) x (TM2),3_2-13,3,2-13,27,2155
D,9,B,(WL2) x (WL2 x TM2),3-14_2,3-14,2,5,2320
D,10,A,(WL2 x TM2) x (TM2),2_1-3,2,1-3,40,2278
D,10,B,DPR,,,,8,436
D,11,A,(WV x WL2) x (WL2 x CC),3_1,3,1,10,2362
D,11,B,WL1,13,13,,20,1822
D,12,A,NA,,,,,NA
D,12,B,WL1,,,,21,304
D,13,A,(WV x WL2) x (WL2 x CC),3_1,3,1,10,2470
D,13,B,(WL2 x BH) x (WL2 x CC),2_3,2,3,18,2209
D,14,A,SQ3 x WL2,6-C_8-A,6-C,8-A,2,2417
D,14,B,(WL2 x BH) x (WL2 x CC),1_2,1,2,14,2205
D,15,A,TM2,,,,86,1790
D,15,B,(WL2 x DPR) x (WL2),,,,10,1107
D,16,A,TM2 x WL2,2_2,2,2,4,1995
D,16,B,YO11,5,5,,19,1961
D,17,A,(WL2 x TM2) x (TM2),2_1-3,2,1-3,2,2240
D,17,B,BH,,,,17,403
D,18,A,(WL2 x BH) x (WL2 x CC),1_2,1,2,8,2521
D,18,B,(WV x TM2) x (TM2 x WL2),2_1,2,1,5,2610
D,19,A,WL2,2,2,,12,2393
D,19,B,WL2,,,,46,141
D,20,A,(WL2 x BH) x (WL2 x CC),2_3,2,3,20,2532
D,20,B,buffer,,,,,buffer
D,21,A,(WV x WL2) x (WL2 x CC),3_1,3,1,11,2363
D,21,B,(WV x TM2) x (TM2 x WL2),2_1,2,1,4,2609
D,22,A,(WL2 x BH) x (WL2 x CC),1_2,1,2,15,2206
D,22,B,(DPR x TM2) x (TM2 x WL2),3_2,3,2,6,2593
D,23,A,WL2,8,8,,71,1894
D,23,B,BH x WL2,19-A_8-A,19-A,8-A,5,2413
D,24,A,(TM2 x WL2) x (TM2),3_1-3,3,1-3,1,2597
D,24,B,(CC x WL2) x (WL2),4_2A,4,2A,15,2440
D,25,A,(TM2) x (TM2 x WL2),2-1_2,2-1,2,2,2504
D,25,B,(WL2 x BH) x (WL2 x TM2),2_3,2,3,9,2222
D,26,A,(WV x WL2) x (WV),20_7-3,20,7-3,5,2577
D,26,B,WL1,8,8,,1,1803
D,27,A,WV,11,11,,18,1939
D,27,B,(LV1 x WL2) x (WL2),6_16-A,6,16-A,4,2444
D,28,A,WL2,5,5,,41,1864
D,28,B,WL1,8,8,,2,2403
D,29,A,(WL2) x (WL2 x BH),3-14_1,3-14,1,4,2312
D,29,B,WV,11,11,,21,1942
D,30,A,WL2,,,,8,103
D,30,B,TM2,7,7,,56,1760
D,31,A,BH x WL2,1-3_8-10,1-3,8-10,4,1967
D,31,B,(WV x WL2) x (WL2 x BH),2_2,2,2,10,2569
D,32,A,BH x WL2,19-A_8-A,19-A,8-A,5,1968
D,32,B,TM2,8,8,,61,2633
D,33,A,TM2 x WL2,,,,4,1280
D,33,B,(WL2 x BH) x (WL2 x TM2),,,,11,246
D,34,A,WL1,8,8,,7,2406
D,34,B,(WL2 x BH) x (WL2 x TM2),2_1,2,1,11,2224
D,35,A,buffer,,,,,buffer
D,35,B,WL2,,,,95,190
D,36,A,(TM2 x WL2) x (TM2),3_1-3,3,1-3,2,2130
D,36,B,(TM2) x (TM2 x WL2),2-1_2,2-1,2,5,2507
D,37,A,LV1,22,22,,13,1675
D,37,B,(WV x WL2) x (WL2 x CC),3_1,3,1,12,2364
D,38,A,TM2,9,9,,70,1774
D,38,B,SQ3 x WL2,6-C_8-A,6-C,8-A,3,2418
D,39,A,(WL2 x BH) x (WL2 x CC),1_2,1,2,5,2515
D,39,B,WL2,2,2,,15,1838
D,40,A,(WL2 x TM2) x (TM2),2_1-3,2,1-3,23,2261
D,40,B,BH x WL2,19-A_8-A,19-A,8-A,5,2414
D,41,A,(WL2 x TM2) x (WL2 x BH),1_2,1,2,2,2455
D,41,B,WV,11,11,,19,1940
D,42,A,(WL2) x (WL2 x TM2),3-14_2,3-14,2,9,2324
D,42,B,LV1 x WL2,14_8,14,8,8,1985
D,43,A,(WL2) x (DPR x WL2),,,,1,895
D,43,B,WL1,8,8,,2,1804
D,44,A,(WL2 x BH) x (WL2 x CC),1_2,1,2,16,2207
D,44,B,(SQ3 x WL2) x (WL2),5_13-B,5,13-B,30,2596
D,45,A,(WL2 x TM2) x (TM2),2_1-3,2,1-3,3,2241
D,45,B,BH,,,,12,398
D,46,A,(YO11 x WL2) x (WL2),4_13-B,4,13-B,2,2583
D,46,B,(WL2 x TM2) x (CC x TM2),2-3_2-3,2-3,2-3,8,2238
D,47,A,buffer,,,,,buffer
D,47,B,WV x WL2,,,,1,1403
D,48,A,WL2 x DPR,,,,3,2490
D,48,B,SQ3,7,7,,19,1702
D,49,A,(WL2 x BH) x (WL2 x CC),1_2,1,2,13,2525
D,49,B,TM2,1,1,,3,1707
D,50,A,buffer,,,,,buffer
D,50,B,WV,12,12,,12,2625
D,51,A,buffer,,,,,buffer
D,51,B,LV1 x WL2,14_8,14,8,11,1988
D,52,A,TM2,,,,52,522
D,52,B,(WL2) x (WL2 x TM2),3-14_2,3-14,2,13,2463
D,53,A,WL2,2,2,,16,2395
D,53,B,(WL2 x BH) x (WL2 x CC),2_3,2,3,21,2212
D,54,A,WL2,6,6,,53,1876
D,54,B,WL2,3,3,,26,1849
D,55,A,(WV x WL2) x (WL2 x CC),3_1,3,1,15,2573
D,55,B,WL1 x WL2,2-2_10-1,2-2,10-1,6,2425
D,56,A,(WL2 x CC) x (WL2 x BH),1_1,1,1,3,2544
D,56,B,YO11 x WL2,,,,1,2492
D,57,A,buffer,,,,,buffer
D,57,B,(WV x WL2) x (WL2 x DPR),,,,3,1327
D,58,A,buffer,,,,,buffer
D,58,B,(TM2 x WL2) x (TM2),3_1-3,3,1-3,3,2131
D,1,C,buffer,,,,,buffer
D,1,D,buffer,,,,,buffer
D,2,C,buffer,,,,,buffer
D,2,D,buffer,,,,,buffer
D,3,C,buffer,,,,,buffer
D,3,D,buffer,,,,,buffer
D,4,C,WL2,8,8,,78,1901
D,4,D,(WL2 x BH) x (WL2 x TM2),2_3,2,3,8,2221
D,5,C,(WL2 x TM2) x (WL2 x BH),1_2,1,2,3,2292
D,5,D,(SQ3 x WL2) x (WL2),5_13-B,5,13-B,30,2121
D,6,C,NA,,,,,NA
D,6,D,NA,,,,,NA
D,7,C,TM2,6,6,,47,1751
D,7,D,NA,,,,,NA
D,8,C,(WL2 x BH) x (WL2 x TM2),2_3,2,3,2,2538
D,8,D,WL2,4,4,,33,1856
D,9,C,DPR,20,20,,18,2622
D,9,D,TM2,9,9,,64,1768
D,10,C,BH x WL2,1-3_8-10,1-3,8-10,4,2412
D,10,D,buffer,,,,,buffer
D,11,C,BH,1,1,,15,1614
D,11,D,buffer,,,,,buffer
D,12,C,(WL2 x TM2) x (TM2),2_1-3,2,1-3,19,2257
D,12,D,(WV) x (WV x WL2),3_22,3,22,1,2578
D,13,C,WL2,,,,49,144
D,13,D,(WV x WL2) x (WV),20_7-3,20,7-3,4,2576
D,14,C,DPR x WL2,,,,3,1976
D,14,D,buffer,,,,,buffer
D,15,C,(WV) x (WV x WL2),3_22,3,22,2,2376
D,15,D,LV1,11,11,,5,1667
D,16,C,(WV x WL2) x (WL2 x BH),2_2,2,2,1,2343
D,16,D,(WL2 x BH) x (WL2 x TM2),2_3,2,3,4,2539
D,17,C,(WL2 x TM2) x (TM2),2_1-3,2,1-3,46,2644
D,17,D,TM2,,,,87,1791
D,18,C,(WL2 x BH) x (WL2 x CC),1_2,1,2,2,2510
D,18,D,YO11 x WL2,,,,1,2054
D,19,C,TM2,8,8,,63,1767
D,19,D,DPR,11,11,,3,1644
D,20,C,buffer,,,,,buffer
D,20,D,SQ3,7,7,,16,2399
D,21,C,buffer,,,,,buffer
D,21,D,DPR x WL2,,,,4,1977
D,22,C,YO11,,,,11,53
D,22,D,buffer,,,,,buffer
D,23,C,buffer,,,,,buffer
D,23,D,(SQ3 x WL2) x (DPR x WL2),,,,13,815
D,24,C,(WL2 x TM2) x (TM2),2_1-3,2,1-3,27,2265
D,24,D,(WL2) x (WL2 x TM2),3-14_2,3-14,2,6,2461
D,25,C,WL2 x YO11,2-A_11-2,2-A,11-2,1,2047
D,25,D,DPR,20,20,,18,2623
D,26,C,TM2,6,6,,49,1753
D,26,D,BH,3,3,,1,1600
D,27,C,WL2,2,2,,14,1837
D,27,D,(WL2 x TM2) x (TM2),2_1-3,2,1-3,45,2283
D,28,C,(SQ3 x WL2) x (WL2),12_16-A,12,16-A,13,2501
D,28,D,(TM2 x WL2) x (TM2),3_1-3,3,1-3,1,2129
D,29,C,BH x WL2,1-3_8-1,1-3,8-1,8,1971
D,29,D,CC,1,1,,1,2617
D,30,C,WL2,2,2,,11,1834
D,30,D,(WL2 x TM2) x (CC x TM2),2-3_2-3,2-3,2-3,6,2451
D,31,C,(WL2 x BH) x (WL2 x TM2),2_3,2,3,7,2540
D,31,D,(WL2 x TM2) x (TM2),2_1-3,2,1-3,50,2647
D,32,C,WL2 x LV1,2-A_14-A,2-A,14-A,7,2431
D,32,D,(WL2 x BH) x (WL2 x CC),1_2,1,2,14,2526
D,33,C,WL1 x WL2,2-3_2-2,2-3,2-2,2,2422
D,33,D,(TM2 x WL2) x (TM2),3_2-13,3,2-13,16,2601
D,34,C,DPR,11,11,,7,1648
D,34,D,(WV x WL2) x (WL2 x BH),2_2,2,2,3,2345
D,35,C,WV x TM2,,,,12,204
D,35,D,DPR x WL2,,,,3,2479
D,36,C,NA,,,,,NA
D,36,D,(WV x WL2) x (WL2 x CC),3_1,3,1,9,2468
D,37,C,WL2 x YO11,8-1_11-1,8-1,11-1,4,2050
D,37,D,WL2,6,6,,59,1882
D,38,C,TM2 x WL2,,,,6,1997
D,38,D,YO11 x WL2,,,,2,2055
D,39,C,WL2,4,4,,39,1862
D,39,D,(CC x TM2) x (WL2 x TM2),,,,2,1430
D,40,C,(WV x TM2) x (WL2 x TM2),3_1,3,1,1,2340
D,40,D,WV x WL2,,,,2,1404
D,41,C,WL2,9,9,,90,1913
D,41,D,TM2 x WL2,2_2,2,2,2,2484
D,42,C,TM2,,,,21,491
D,42,D,(LV1 x WL2) x (WL2),,,,13,76
D,43,C,(TM2 x WL2) x (WL2),,,,7,363
D,43,D,WL2 x WV,,,,7,2046
D,44,C,(TM2 x WL2) x (YO11 x WL2),,,,13,385
D,44,D,(WL2 x BH) x (WL2 x CC),2_3,2,3,18,2531
D,45,C,DPR,19,19,,21,2624
D,45,D,(WL2 x CC) x (WL2 x BH),1_1,1,1,2,2543
D,46,C,(WL2 x TM2) x (TM2),2_1-3,2,1-3,39,2277
D,46,D,BH x WL2,1-3_8-1,1-3,8-1,9,1972
D,47,C,LV1,22,22,,20,1682
D,47,D,(CC x WL2) x (WL2),4_13-B,4,13-B,5,2065
D,48,C,BH,1,1,,16,1615
D,48,D,(WV x WL2) x (WV),20_7-3,20,7-3,2,2369
D,49,C,(WL2 x BH) x (WL2 x CC),1_2,1,2,1,2192
D,49,D,(YO11 x WL2) x (WL2),4_13-B,4,13-B,8,2387
D,50,C,(SQ3 x WL2) x (WL2),12_16-A,12,16-A,12,2103
D,50,D,(WL2 x BH) x (WL2 x TM2),2_1,2,1,12,2542
D,51,C,(SQ3 x WL2) x (WL2),3_13-B,3,13-B,3,2445
D,51,D,WL2,2,2,,16,1839
D,52,C,(WL2 x TM2) x (TM2),2_1-3,2,1-3,4,2242
D,52,D,WL1,8,8,,4,1806
D,53,C,WL2 x LV1,8-1_14-1,8-1,14-1,2,2429
D,53,D,(WV x WL2) x (WL2 x BH),2_2,2,2,4,2346
D,54,C,(WV x WL2) x (WL2 x BH),2_2,2,2,8,2567
D,54,D,(YO11 x WL2) x (WL2),,,,10,936
D,55,C,(WL2 x TM2) x (CC x TM2),2-3_2-3,2-3,2-3,5,2235
D,55,D,TM2,,,,92,1796
D,56,C,(TM2 x WL2) x (WL2 x DPR),15_18,15,18,1,2166
D,56,D,TM2 x WL2,,,,7,2485
D,57,C,BH x WL2,1-3_8-1,1-3,8-1,7,1970
D,57,D,buffer,,,,,buffer
D,58,C,buffer,,,,,buffer
D,58,D,buffer,,,,,buffer
D,59,C,buffer,,,,,buffer
D,59,D,buffer,,,,,buffer
E,1,B,buffer,,,,,buffer
E,2,A,buffer,,,,,buffer
E,2,B,buffer,,,,,buffer
E,3,A,buffer,,,,,buffer
E,3,B,buffer,,,,,buffer
E,4,A,(WL2 x BH) x (WL2 x TM2),2_1,2,1,12,2225
E,4,B,TM2 x WL2,,,,7,1998
E,5,A,DPR x WL2,,,,1,2475
E,5,B,TM2,12,12,,83,2641
E,6,A,NA,,,,,NA
E,6,B,(CC x WL2) x (WL2),2_13-B,2,13-B,1,2061
E,7,A,(WL2 x TM2) x (TM2),2_1-3,2,1-3,28,2266
E,7,B,(WL2 x BH) x (WL2 x CC),2_3,2,3,21,2534
E,8,A,(WL2 x TM2) x (TM2),2_1-3,2,1-3,44,2282
E,8,B,WL2 x TM2,8_5,8,5,1,2028
E,9,A,buffer,,,,,buffer
E,9,B,(TM2 x WL2) x (TM2),3_1-3,3,1-3,4,2132
E,10,A,BH,,,,13,399
E,10,B,(WV x WL2) x (WV),20_7-3,20,7-3,7,2374
E,11,A,(LV1 x WL2) x (WL2),6_16-A,6,16-A,2,2088
E,11,B,(WL2 x BH) x (WL2 x CC),1_2,1,2,6,2518
E,12,A,(DPR x TM2) x (TM2 x WL2),3_2,3,2,2,2079
E,12,B,NA,,,,,NA
E,13,A,TM2 x WL2,,,,9,2486
E,13,B,NA,,,,,NA
E,14,A,(WL2 x BH) x (WL2 x CC),2_3,2,3,20,2211
E,14,B,WL2 x LV1,2-A_14-A,2-A,14-A,7,2025
E,15,A,WL2 x DPR,,,,5,2018
E,15,B,WL2,8,8,,73,1896
E,16,A,WL2,4,4,,34,1857
E,16,B,(WL2 x TM2) x (TM2),2_1-3,2,1-3,6,2244
E,17,A,WL1,8,8,,5,1807
E,17,B,WL2,2,2,,17,1840
E,18,A,TM2 x WL2,,,,9,2000
E,18,B,(TM2 x WL2) x (WL2),,,,16,372
E,19,A,BH,3,3,,6,1605
E,19,B,DPR x WL2,,,,2,1975
E,20,A,SQ3,5,5,,1,1684
E,20,B,(WV x WL2) x (WL2 x CC),3_1,3,1,15,2367
E,21,A,(SQ3 x WL2) x (WL2),12_16-A,12,16-A,13,2104
E,21,B,(CC x WL2) x (WL2),4_13-B,4,13-B,7,2437
E,22,A,WL2 x DPR,,,,1,2014
E,22,B,buffer,,,,,buffer
E,23,A,buffer,,,,,buffer
E,23,B,(WL2 x BH) x (WL2 x CC),1_2,1,2,13,2524
E,24,A,(YO11 x WL2) x (WL2),4_13-B,4,13-B,12,2584
E,24,B,SQ3,7,7,,21,2400
E,25,A,(WV x TM2) x (TM2 x WL2),2_1,2,1,1,2332
E,25,B,WL1,8,8,,6,1808
E,26,A,TM2,1,1,,9,1713
E,26,B,NA,,,,,NA
E,27,A,(SQ3 x WL2) x (WL2),,,,16,95
E,27,B,WL2,2,2,,18,1841
E,28,A,TM2 x WL2,,,,8,1999
E,28,B,(WL2 x TM2) x (CC x TM2),2-3_2-3,2-3,2-3,8,2453
E,29,A,(SQ3 x WL2) x (WL2),12_16-A,12,16-A,15,2106
E,29,B,(WV) x (WV x WL2),3_22,3,22,1,2375
E,30,A,NA,,,,,NA
E,30,B,NA,,,,,NA
E,41,A,BH,3,3,,2,1601
E,41,B,(WL2 x BH) x (WL2 x CC),1_2,1,2,3,2194
E,42,A,WV,11,11,,18,2627
E,42,B,WL2 x YO11,2-A_11-2,2-A,11-2,3,2434
E,43,A,(TM2 x WL2) x (WL2),,,,13,369
E,43,B,SQ3,5,5,,3,1686
E,44,A,NA,,,,,NA
E,44,B,(WL2 x TM2) x (TM2),2_1-3,2,1-3,35,2273
E,45,A,(WL2 x BH) x (WL2 x CC),,,,17,2208
E,45,B,WL2,8,8,,79,1902
E,46,A,(WL2 x WV) x (CC x WL2),1_1,1,1,9,2304
E,46,B,TM2 x WL2,,,,15,2613
E,47,A,NA,,,,,NA
E,47,B,(DPR x TM2) x (TM2 x WL2),3_2,3,2,2,2586
E,48,A,(TM2 x WL2) x (WL1 x TM2),2_1,2,1,1,2164
E,48,B,DPR x WL2,,,,1,1974
E,49,A,buffer,,,,,buffer
E,49,B,(TM2) x (TM2 x WL2),2-1_2,2-1,2,2,2503
E,50,A,(WL2) x (WL2 x BH),3-14_1,3-14,1,3,2458
E,50,B,(WL2 x CC) x (WL2 x TM2),,,,16,1193
E,51,A,(WL1 x WL2) x (BH x WL2),,,,3,334
E,51,B,TM2,,,,96,1800
E,52,A,buffer,,,,,buffer
E,52,B,buffer,,,,,buffer
E,1,C,buffer,,,,,buffer
E,1,D,buffer,,,,,buffer
E,2,C,buffer,,,,,buffer
E,2,D,buffer,,,,,buffer
E,3,C,buffer,,,,,buffer
E,3,D,buffer,,,,,buffer
E,4,C,TM2,,,,85,1789
E,4,D,BH x WL2,1-3_8-1,1-3,8-1,7,2415
E,5,C,NA,,,,,NA
E,5,D,WL2 x YO11,2-A_11-2,2-A,11-2,1,2432
E,6,C,DPR,20,20,,15,1656
E,6,D,NA,,,,,NA
E,7,C,(WV) x (WV x WL2),3_22,3,22,3,2582
E,7,D,WV x WL2,,,,4,1406
E,8,C,(WL2 x BH) x (WL2 x TM2),2_3,2,3,9,2541
E,8,D,(WV x WL2) x (WL2 x CC),3_1,3,1,14,2366
E,9,C,(WV x TM2) x (TM2 x WL2),2_1,2,1,6,2636
E,9,D,(WV x WL2) x (WL2 x BH),2_2,2,2,5,2347
E,10,C,TM2,1,1,,7,1711
E,10,D,TM2,2,2,,11,2630
E,11,C,(WL2 x TM2) x (TM2),2_1-3,2,1-3,30,2268
E,11,D,(WL2 x WV) x (CC x WL2),1_1,1,1,6,2552
E,12,C,NA,,,,,NA
E,12,D,WL1 x WL2,2-3_2-2,2-3,2-2,2,2007
E,13,C,NA,,,,,NA
E,13,D,(TM2 x WL2) x (DPR x WL2),,,,2,1490
E,14,C,(WL2 x BH) x (WL2 x CC),1_2,1,2,2,2193
E,14,D,WL2,2,2,,15,2394
E,15,C,YO11,5,5,,17,2498
E,15,D,NA,,,,,NA
E,16,C,(WL2 x TM2) x (TM2),2_1-3,2,1-3,34,2272
E,16,D,NA,,,,,NA
E,17,C,DPR,20,20,,16,1657
E,17,D,(TM2) x (TM2 x WL2),5-2_14,5-2,14,6,2174
E,18,C,(CC x WL2) x (WL2 x TM2),2_1,2,1,1,2057
E,18,D,(SQ3 x WL2) x (WL2),5_13-B,5,13-B,31,2122
E,19,C,WL2 x WV,,,,1,2040
E,19,D,buffer,,,,,buffer
E,20,C,(WL2 x BH) x (CC x WL2),2_2,2,2,3,2190
E,20,D,WV,11,11,,15,2626
E,21,C,TM2,11,11,,77,1781
E,21,D,BH x WL2,1-3_8-1,1-3,8-1,7,2416
E,22,C,WL2 x WL1,10-1_2-1,10-1,2-1,2,2036
E,22,D,WL2 x LV1,8-1_14-1,8-1,14-1,1,2428
E,23,C,WL1,18,18,,12,2409
E,23,D,(WL2) x (WL2 x TM2),3-14_2,3-14,2,10,2325
E,24,C,(DPR x TM2) x (TM2 x WL2),3_2,3,2,2,2585
E,24,D,(SQ3 x WL2) x (WL2),12_16-A,12,16-A,18,2502
E,25,C,(DPR x TM2) x (TM2 x WL2),3_2,3,2,3,2080
E,25,D,(CC x WL2) x (WL2),4_13-B,4,13-B,7,2067
E,26,C,CC,1,1,,3,1623
E,26,D,(LV1 x WL2) x (YO11 x WL2),8_25,8,25,1,2091
E,27,C,DPR,20,20,,17,1658
E,27,D,(LV1 x WL2) x (WL2),,,,16,79
E,28,C,TM2,9,9,,67,2637
E,28,D,WL2,5,5,,47,1870
E,29,C,(WV x WL2) x (WL2 x BH),2_2,2,2,6,2348
E,29,D,buffer,,,,,buffer
E,30,C,NA,,,,,NA
E,30,D,buffer,,,,,buffer
E,41,C,DPR x WL2,,,,2,2477
E,41,D,(WL2 x TM2) x (TM2),2_1-3,2,1-3,21,2259
E,42,C,BH x WL2,1-3_8-1,1-3,8-1,9,2473
E,42,D,(WL2 x TM2) x (TM2),2_1-3,2,1-3,7,2245
E,43,C,WL2,10,10,,92,2648
E,43,D,(TM2 x WL2) x (TM2),3_1-3,3,1-3,6,2134
E,44,C,WL1 x WL2,2-2_10-1,2-2,10-1,4,2426
E,44,D,TM2,8,8,,59,1763
E,45,C,buffer,,,,,buffer
E,45,D,buffer,,,,,buffer
E,46,C,(WL2 x WV) x (CC x WL2),1_1,1,1,2,2297
E,46,D,WV,11,11,,19,2628
E,47,C,(DPR x TM2) x (TM2 x WL2),3_2,3,2,7,2594
E,47,D,WL1 x WL2,2-2_10-1,2-2,10-1,6,2011
E,48,C,(DPR x TM2) x (TM2 x WL2),3_2,3,2,4,2081
E,48,D,(WV x WL2) x (WL2 x BH),2_2,2,2,9,2568
E,49,C,(TM2 x WL2) x (YO11 x WL2),,,,8,380
E,49,D,(TM2 x WL2) x (TM2),3_2-13,3,2-13,11,2600
E,50,C,WL1,8,8,,7,1809
E,50,D,(WL2) x (TM2 x WL2),16_14,16,14,2,2308
E,51,C,TM2,2,2,,11,1715
E,51,D,(YO11 x WL2) x (WL2),4_13-B,4,13-B,6,2385
E,52,C,buffer,,,,,buffer
E,52,D,buffer,,,,,buffer
F,1,A,buffer,,,,,buffer
F,1,B,buffer,,,,,buffer
F,2,A,buffer,,,,,buffer
F,2,B,buffer,,,,,buffer
F,3,A,buffer,,,,,buffer
F,3,B,buffer,,,,,buffer
F,4,A,WL2,2,2,,19,1842
F,4,B,(WL2 x BH) x (WL2 x CC),1_2,1,2,16,2528
F,5,A,TM2,12,12,,79,1783
F,5,B,NA,,,,,NA
F,6,A,(WV x TM2) x (TM2 x WL2),2_1,2,1,2,2333
F,6,B,(WV) x (WV x WL2),3_22,3,22,3,2377
F,7,A,WL2,4,4,,36,1859
F,7,B,buffer,,,,,buffer
F,8,A,WL2 x YO11,2-A_11-2,2-A,11-2,2,2048
F,8,B,WL2 x DPR,,,,2,2015
F,9,A,(WL2 x TM2) x (CC x TM2),2-3_2-3,2-3,2-3,5,2449
F,9,B,WL2,7,7,,69,1892
F,10,A,BH,1,1,,15,2616
F,10,B,DPR,20,20,,18,1659
F,11,A,(WL2 x TM2) x (TM2),2_1-3,2,1-3,50,2288
F,11,B,(WL2 x BH) x (WL2 x CC),2_3,2,3,20,2533
F,12,A,YO11 x WL2,,,,1,2494
F,12,B,(TM2 x WL2) x (TM2),3_2-13,3,2-13,8,2136
F,13,A,(SQ3 x WL2) x (WL2),12_16-A,12,16-A,18,2109
F,13,B,buffer,,,,,buffer
F,14,A,DPR,19,19,,21,1662
F,14,B,WL2 x YO11,2-A_11-2,2-A,11-2,2,2433
F,15,A,TM2,4,4,,28,2631
F,15,B,(WV x TM2) x (TM2 x WL2),2_1,2,1,7,2611
F,16,A,(DPR x WL2) x (WV x WL2),,,,7,1463
F,16,B,(WL2 x BH) x (WL2 x CC),1_2,1,2,5,2196
F,17,A,(WL2 x TM2) x (TM2),2_1-3,2,1-3,51,2289
F,17,B,WL2,9,9,,89,1912
F,18,A,WL2 x WL1,10-1_2-1,10-1,2-1,1,2035
F,18,B,(WL2) x (WL2 x BH),3-14_1,3-14,1,4,2459
F,19,A,SQ3 x WL2,6-C_8-A,6-C,8-A,1,1989
F,19,B,(WV x TM2) x (WL2 x TM2),3_1,3,1,2,2341
F,20,A,buffer,,,,,buffer
F,20,B,(WL2 x BH) x (CC x WL2),2_2,2,2,3,2603
F,21,A,(SQ3 x WL2) x (WL2),12_16-A,12,16-A,19,2110
F,21,B,(WV x WL2) x (WL2 x BH),2_2,2,2,8,2350
F,22,A,buffer,,,,,buffer
F,22,B,WL1 x WL2,2-2_10-1,2-2,10-1,5,2010
F,23,A,BH,3,3,,3,1602
F,23,B,(WL2) x (WL2 x TM2),3-14_2,3-14,2,10,2462
F,24,A,(WL2 x TM2) x (TM2),2_1-3,2,1-3,9,2247
F,24,B,WL2 x SQ3,,,,2,2027
F,25,A,buffer,,,,,buffer
F,25,B,(WL2 x BH) x (WL2 x CC),2_3,2,3,18,2530
F,26,A,WL1,18,18,,9,1811
F,26,B,SQ3,12,12,,9,1692
F,27,A,(WL2 x BH) x (WL2 x CC),1_2,1,2,4,2514
F,27,B,(WV) x (WV x WL2),3_22,3,22,4,2581
F,28,A,TM2,3,3,,20,1724
F,28,B,(WV x WL2) x (WL2 x CC),3_1,3,1,14,2571
F,29,A,NA,,,,,NA
F,29,B,NA,,,,,NA
F,39,A,(SQ3 x WL2) x (LV1 x WL2),,,,13,861
F,39,B,buffer,,,,,buffer
F,40,A,buffer,,,,,buffer
F,40,B,NA,,,,,NA
F,41,A,WL2,6,6,,57,1880
F,41,B,buffer,,,,,buffer
F,42,A,TM2,9,9,,69,1773
F,42,B,WV,18,18,,3,1924
F,43,A,YO11,5,5,,17,1959
F,43,B,(WL2 x TM2) x (TM2),2_1-3,2,1-3,47,2285
F,44,A,(WL2 x BH) x (WL2 x TM2),2_3,2,3,1,2214
F,44,B,(WV x WL2) x (WL2 x CC),3_1,3,1,11,2570
F,45,A,WL2,5,5,,48,1871
F,45,B,(WL2 x TM2) x (WL2 x BH),1_2,1,2,1,2290
F,46,A,buffer,,,,,buffer
F,46,B,buffer,,,,,buffer
F,47,A,buffer,,,,,buffer
F,47,B,buffer,,,,,buffer
F,1,C,buffer,,,,,buffer
F,1,D,buffer,,,,,buffer
F,2,C,buffer,,,,,buffer
F,2,D,buffer,,,,,buffer
F,3,C,buffer,,,,,buffer
F,3,D,buffer,,,,,buffer
F,4,C,(WV x WL2) x (WL2 x BH),2_2,2,2,7,2349
F,4,D,LV1 x WL2,14_8,14,8,2,2482
F,5,C,SQ3,5,5,,5,1688
F,5,D,(LV1 x WL2) x (YO11 x WL2),8_25,8,25,1,2497
F,6,C,NA,,,,,NA
F,6,D,TM2,,,,95,565
F,7,C,TM2 x WL2,,,,11,2002
F,7,D,(SQ3 x WL2) x (WL2),5_13-B,5,13-B,26,2117
F,8,C,buffer,,,,,buffer
F,8,D,(WL2 x TM2) x (TM2),2_1-3,2,1-3,29,2267
F,9,C,(LV1 x WL2) x (WL2),6_16-A,6,16-A,1,2087
F,9,D,(WL2 x BH) x (WL2 x CC),1_2,1,2,4,2195
F,10,C,(WL2 x BH) x (CC x WL2),2_2,2,2,2,2189
F,10,D,BH x WL2,1-3_8-1,1-3,8-1,9,2474
F,11,C,(WL2 x TM2) x (TM2),2_1-3,2,1-3,43,2281
F,11,D,(WL2 x BH) x (WL2 x CC),1_2,1,2,2,2511
F,12,C,(WL2 x TM2) x (TM2),2_1-3,2,1-3,8,2246
F,12,D,buffer,,,,,buffer
F,13,C,buffer,,,,,buffer
F,13,D,LV1 x WL2,14_8,14,8,2,2481
F,14,C,WL1,8,8,,2,2404
F,14,D,(SQ3 x WL2) x (WL2),3_13-B,3,13-B,6,2447
F,15,C,(WV x TM2) x (TM2 x WL2),2_1,2,1,3,2334
F,15,D,(WV x WL2) x (WV),20_7-3,20,7-3,4,2371
F,16,C,(WL2 x TM2) x (WV x WL2),3_4,3,4,1,2294
F,16,D,(TM2 x WL2) x (TM2 x BH),14_13,14,13,1,2126
F,17,C,TM2,9,9,,67,1771
F,17,D,buffer,,,,,buffer
F,18,C,(WL2 x WV) x (CC x WL2),1_1,1,1,3,2298
F,18,D,(LV1 x WL2) x (WL2),,,,1,64
F,19,C,(TM2 x WL2) x (WL2 x DPR),15_18,15,18,2,2167
F,19,D,(TM2) x (TM2 x WL2),2-1_2,2-1,2,3,2506
F,20,C,(WL2 x TM2) x (TM2),2_1-3,2,1-3,24,2262
F,20,D,(TM2 x WL2) x (YO11 x WL2),,,,9,381
F,21,C,WL2,5,5,,46,1869
F,21,D,NA,,,,,NA
F,22,C,buffer,,,,,buffer
F,22,D,(LV1 x WL2) x (WL2),6_16-A,6,16-A,3,2443
F,23,C,(DPR x TM2) x (TM2 x WL2),3_2,3,2,5,2082
F,23,D,WL2,2,2,,20,1843
F,24,C,(WL2 x TM2) x (TM2),2_1-3,2,1-3,33,2271
F,24,D,WV,11,11,,21,2629
F,25,C,(WL2 x WV) x (CC x WL2),1_1,1,1,2,2545
F,25,D,(WL2 x TM2) x (CC x TM2),2-3_2-3,2-3,2-3,3,2448
F,26,C,(TM2 x WL2) x (TM2),3_2-13,3,2-13,11,2139
F,26,D,(DPR x TM2) x (TM2 x WL2),3_2,3,2,2,2587
F,27,C,WL2 x DPR,,,,3,2016
F,27,D,WL2,10,10,,91,1914
F,28,C,(CC x WL2) x (WL2),4_13-B,4,13-B,9,2438
F,28,D,TM2 x WL2,,,,12,2003
F,29,C,NA,,,,,NA
F,29,D,NA,,,,,NA
F,40,C,LV1 x WL2,14_8,14,8,6,1983
F,40,D,(WL2 x BH) x (WL2 x CC),,,,17,2529
F,41,C,SQ3,12,12,,10,1693
F,41,D,(TM2 x WL2) x (SQ3 x WL2),,,,10,314
F,42,C,WL2 x CC,,,,1,2013
F,42,D,(WL2) x (WL2 x BH),3-14_1,3-14,1,7,2315
F,43,C,SQ3,7,7,,21,2401
F,43,D,TM2,3,3,,21,1725
F,44,C,buffer,,,,,buffer
F,44,D,(TM2 x WL2) x (TM2),3_2-13,3,2-13,12,2140
F,45,C,WL1,8,8,,7,2407
F,45,D,(WL2 x WV) x (CC x WL2),1_1,1,1,3,2546
F,46,C,buffer,,,,,buffer
F,46,D,buffer,,,,,buffer
F,47,C,buffer,,,,,buffer
F,47,D,buffer,,,,,buffer
G,1,A,buffer,,,,,buffer
G,1,B,buffer,,,,,buffer
G,2,A,buffer,,,,,buffer
G,2,B,buffer,,,,,buffer
G,3,A,buffer,,,,,buffer
G,3,B,buffer,,,,,buffer
G,4,A,(WL2) x (WL2 x TM2),3-14_2,3-14,2,5,2460
G,4,B,WL2 x YO11,8-1_14-10,8-1,14-10,7,2053
G,5,A,WL1,18,18,,10,1812
G,5,B,WL2 x WV,,,,1,2491
G,6,A,(SQ3 x WL2) x (WL2),3_13-B,3,13-B,1,2092
G,6,B,BH,3,3,,5,1604
G,7,A,(WV x TM2) x (TM2 x WL2),2_1,2,1,4,2335
G,7,B,(WV x WL2) x (WL2 x BH),2_2,2,2,9,2351
G,8,A,(WL2 x BH) x (WL2 x CC),1_2,1,2,3,2513
G,8,B,(SQ3 x WL2) x (WL2),12_16-A,12,16-A,21,2112
G,9,A,(WL2 x WV) x (CC x WL2),1_1,1,1,4,2299
G,9,B,WL2,3,3,,22,1845
G,10,A,(DPR x TM2) x (TM2 x WL2),3_2,3,2,3,2588
G,10,B,(WL2 x TM2) x (TM2),2_1-3,2,1-3,10,2248
G,11,A,(WL2 x TM2) x (CC x TM2),2-3_2-3,2-3,2-3,2,2232
G,11,B,(WV x WL2) x (WV),20_7-3,20,7-3,5,2372
G,12,A,(WL2 x TM2) x (TM2),2_1-3,2,1-3,25,2263
G,12,B,(CC x WL2) x (WL2),2_13-B,2,13-B,1,2436
G,13,A,WL2 x LV1,8-1_14-1,8-1,14-1,3,2021
G,13,B,buffer,,,,,buffer
G,14,A,(WL2 x WV) x (CC x WL2),1_1,1,1,3,2547
G,14,B,(WL2 x TM2) x (TM2),2_1-3,2,1-3,12,2250
G,15,A,(WL2 x TM2) x (TM2),2_1-3,2,1-3,42,2280
G,15,B,WL1,18,18,,12,1814
G,16,A,TM2,,,,93,1797
G,16,B,WL2 x YO11,8-1_11-1,8-1,11-1,4,2435
G,17,A,(WV x WL2) x (WL2 x CC),3_1,3,1,15,2572
G,17,B,WV,18,18,,4,1925
G,18,A,(WL2 x TM2) x (TM2),2_1-3,2,1-3,26,2264
G,18,B,(WL2 x BH) x (WL2 x CC),1_2,1,2,1,2508
G,19,A,(LV1 x WL2) x (WL2),6_16-A,6,16-A,2,2441
G,19,B,(WL2 x BH) x (WL2 x TM2),2_3,2,3,2,2215
G,20,A,(TM2 x WL2) x (TM2),3_1-3,3,1-3,6,2599
G,20,B,(DPR x TM2) x (TM2 x WL2),3_2,3,2,4,2589
G,21,A,WL2,3,3,,23,1846
G,21,B,(TM2) x (TM2 x WL2),,,,16,2184
G,22,A,(DPR x TM2) x (TM2 x WL2),3_2,3,2,7,2084
G,22,B,WL1 x WL2,2-2_10-1,2-2,10-1,6,2424
G,23,A,TM2,11,11,,72,1776
G,23,B,(WL2 x BH) x (WL2 x CC),1_2,1,2,7,2198
G,24,A,SQ3,12,12,,11,1694
G,24,B,(WL2 x BH) x (WL2 x CC),2_3,2,3,22,2536
G,25,A,(WV x WL2) x (WL2 x CC),3_1,3,1,3,2355
G,25,B,(WL2 x TM2) x (WL2 x BH),1_2,1,2,2,2456
G,26,A,(WV x WL2) x (WL2 x BH),2_2,2,2,3,2561
G,26,B,(LV1 x WL2) x (YO11 x WL2),8_25,8,25,1,2496
G,27,A,buffer,,,,,buffer
G,27,B,(WV x TM2) x (TM2 x WL2),2_1,2,1,7,2612
G,28,A,(TM2 x WL2) x (TM2),3_2-13,3,2-13,16,2144
G,28,B,(WV x WL2) x (WL2 x BH),2_2,2,2,6,2565
G,29,A,(WL2 x TM2) x (TM2),2_1-3,2,1-3,13,2251
G,29,B,(WL2 x BH) x (WL2 x TM2),2_3,2,3,3,2216
G,30,A,WV x TM2,,,,2,195
G,30,B,(TM2 x WL2) x (TM2),3_2-13,3,2-13,29,2157
G,31,A,(WV x WL2) x (WL2 x CC),3_1,3,1,9,2469
G,31,B,BH,3,3,,2,2615
G,32,A,(WL2 x TM2) x (TM2),2_1-3,2,1-3,49,2287
G,32,B,(WL2 x BH) x (WL2 x CC),1_2,1,2,8,2199
G,33,A,(WV x WL2) x (WL2 x CC),3_1,3,1,7,2465
G,33,B,(SQ3 x WL2) x (WL2),12_16-A,12,16-A,12,2500
G,34,A,WL2,3,3,,24,1847
G,34,B,(SQ3 x WL2) x (WL2),12_16-A,12,16-A,23,2114
G,35,A,(WL2 x BH) x (WL2 x CC),2_3,2,3,21,2535
G,35,B,(WL2 x BH) x (CC x WL2),2_2,2,2,1,2188
G,36,A,(WL2 x WV) x (CC x WL2),1_1,1,1,4,2548
G,36,B,TM2,4,4,,28,1732
G,37,A,buffer,,,,,buffer
G,37,B,(WL2 x BH) x (WL2 x CC),1_2,1,2,14,2527
G,38,A,SQ3,12,12,,14,1697
G,38,B,(WV x WL2) x (WL2 x DPR),,,,6,1330
G,39,A,DPR,11,11,,3,2618
G,39,B,(SQ3 x WL2) x (WL2),3_13-B,3,13-B,3,2094
G,40,A,(TM2) x (TM2 x WL2),2-1_2,2-1,2,3,2171
G,40,B,(WL2 x TM2) x (TM2),2_1-3,2,1-3,32,2270
G,41,A,(WL2 x CC) x (WL2 x BH),1_1,1,1,3,2229
G,41,B,(DPR x WL2) x (YO11 x WL2),,,,12,706
G,42,A,buffer,,,,,buffer
G,42,B,(DPR x WL2) x (WV x WL2),,,,8,1464
G,43,A,buffer,,,,,buffer
G,44,A,buffer,,,,,buffer
G,44,B,buffer,,,,,buffer
G,45,A,buffer,,,,,buffer
G,45,B,buffer,,,,,buffer
G,1,C,buffer,,,,,buffer
G,1,D,buffer,,,,,buffer
G,2,C,buffer,,,,,buffer
G,2,D,buffer,,,,,buffer
G,3,C,buffer,,,,,buffer
G,3,D,buffer,,,,,buffer
G,4,C,TM2,6,6,,47,2632
G,4,D,(WL2 x DPR) x (WL2),,,,3,1100
G,5,C,(DPR x TM2) x (TM2 x WL2),3_2,3,2,6,2083
G,5,D,YO7,5,,,7,YO7_5_7
G,6,C,(WL2 x BH) x (WL2 x CC),2_3,2,3,22,2537
G,6,D,(WV x WL2) x (WL2 x BH),2_2,2,2,1,2560
G,7,C,(WL2) x (DPR x WL2),3,,3,1,2306
G,7,D,WL2 x LV1,2-A_14-A,2-A,14-A,6,2024
G,8,C,(TM2 x WL2) x (TM2),3_1-3,3,1-3,1,2598
G,8,D,TM2,,,,60,530
G,9,C,WL1 x WL2,2-3_2-2,2-3,2-2,3,2008
G,9,D,buffer,,,,,buffer
G,10,C,(WL2 x BH) x (WL2 x CC),1_2,1,2,6,2197
G,10,D,buffer,,,,,buffer
G,11,C,(LV1 x WL2) x (YO11 x WL2),8_25,8,25,1,2495
G,11,D,(LV1 x WL2) x (WL2),6_16-A,6,16-A,3,2089
G,12,C,buffer,,,,,buffer
G,12,D,buffer,,,,,buffer
G,13,C,(WL2 x TM2) x (TM2),2_1-3,2,1-3,47,2645
G,13,D,TM2,4,4,,25,1729
G,14,C,(TM2 x WL2) x (TM2),3_2-13,3,2-13,14,2142
G,14,D,(WV x WL2) x (WL2 x BH),2_2,2,2,10,2352
G,15,C,NA,,,,,NA
G,15,D,TM2,11,11,,72,2639
G,16,C,LV1 x WL2,14_8,14,8,2,1979
G,16,D,WL2,4,4,,40,1863
G,17,C,(WL2 x BH) x (WL2 x CC),1_2,1,2,6,2517
G,17,D,NA,,,,,NA
G,18,C,(WL2 x WV) x (CC x WL2),1_1,1,1,5,2300
G,18,D,(WL2 x WV) x (CC x WL2),1_1,1,1,7,2553
G,19,C,(WV x WL2) x (WL2 x CC),3_1,3,1,3,2464
G,19,D,(WV x TM2) x (WL2 x TM2),3_1,3,1,1,2556
G,20,C,BH,3,3,,3,2614
G,20,D,(WL2 x TM2) x (WV x WL2),3_4,3,4,2,2295
G,21,C,(WL2 x TM2) x (CC x TM2),2-3_2-3,2-3,2-3,3,2233
G,21,D,(WV x TM2) x (TM2 x WL2),2_1,2,1,5,2336
G,22,C,(CC x WL2) x (WL2),4_13-B,4,13-B,14,2439
G,22,D,NA,,,,,NA
G,23,C,buffer,,,,,buffer
G,23,D,NA,,,,,NA
G,24,C,(SQ3 x WL2) x (WL2),3_13-B,3,13-B,2,2093
G,24,D,(WL2) x (WL2 x TM2),3-14_2,3-14,2,12,2327
G,25,C,WL2,7,7,,68,1891
G,25,D,SQ3 x WL2,6-C_8-A,6-C,8-A,3,1991
G,26,C,WL2 x LV1,8-1_14-1,8-1,14-1,10,2650
G,26,D,(WL2) x (WL2 x BH),3-14_1,3-14,1,5,2313
G,27,C,WL2,7,7,,67,1890
G,27,D,(WV x WL2) x (WL2 x BH),2_2,2,2,5,2562
G,28,C,(DPR x TM2) x (TM2 x WL2),3_2,3,2,4,2590
G,28,D,(WL2) x (WL2 x BH),3-14_1,3-14,1,2,2310
G,29,C,(CC x WL2) x (WL2),4_13-B,4,13-B,14,2074
G,29,D,NA,,,,,NA
G,30,C,TM2,9,9,,64,2635
G,30,D,(WV x WL2) x (WV),20_7-3,20,7-3,3,2575
G,31,C,WL2 x LV1,8-1_14-1,8-1,14-1,1,2019
G,31,D,TM2,8,8,,61,1765
G,32,C,WL1,18,18,,13,1815
G,32,D,WL2,5,5,,49,1872
G,33,C,WL1 x WL2,2-3_2-2,2-3,2-2,1,2421
G,33,D,(WV x TM2) x (TM2 x WL2),2_1,2,1,1,2604
G,34,C,(WL2 x BH) x (WL2 x TM2),,,,3,238
G,34,D,(WL2 x TM2) x (TM2),2_1-3,2,1-3,37,2275
G,35,C,(WV) x (WV x WL2),,,,8,1394
G,35,D,(WL2 x WV) x (CC x WL2),1_1,1,1,6,2301
G,36,C,LV1 x TM2,,,,16,1240
G,36,D,(DPR) x (WL2 x DPR),,,,7,733
G,37,C,WL2 x YO11,2-A_11-2,2-A,11-2,3,2049
G,37,D,(WL2 x TM2) x (CC x TM2),,,,10,261
G,38,C,WV,12,12,,9,1930
G,38,D,(DPR x WL2) x (TM2 x WL2),,,,5,1447
G,39,C,(WL2) x (WL2 x TM2),3-14_2,3-14,2,6,2321
G,39,D,(WV x TM2) x (TM2 x WL2),2_1,2,1,6,2337
G,40,C,(WL2 x TM2) x (WL2 x BH),1_2,1,2,4,2293
G,40,D,CC,1,1,,4,1624
G,41,C,(WV) x (WV x WL2),3_22,3,22,4,2378
G,41,D,(WL2 x BH) x (WL2 x CC),1_2,1,2,3,2512
G,42,C,(WV x WL2) x (WL2 x CC),3_1,3,1,6,2358
G,42,D,buffer,,,,,buffer
G,44,C,buffer,,,,,buffer
G,44,D,buffer,,,,,buffer
G,45,C,buffer,,,,,buffer
G,45,D,buffer,,,,,buffer
H,23,B,(DPR) x (WL2 x DPR),,,,8,734
I,9,B,BH,,,,5,391
I,10,A,LV1 x WL2,,,,22,1272
I,11,A,LV1 x TM2,,,,26,1250