block,loc,bed,row,col,pop,mf,rep,unique.ID
NA,A_1_A,A,1,A,TM2,6,11,TM2_6_11
NA,A_6_B,A,6,B,CC,3,3,CC_3_3
NA,A_16_B,A,16,B,BH,3,3,BH_3_3
NA,A_17_A,A,17,A,BH,7,3,BH_7_3
NA,A_18_A,A,18,A,BH,4,3,BH_4_3
NA,A_24_A,A,24,A,WL2,7,9,WL2_7_9
NA,A_32_B,A,32,B,IH,7,4,IH_7_4
NA,A_35_A,A,35,A,SC,8,4,SC_8_4
NA,A_36_A,A,36,A,BH,3,4,BH_3_4
NA,A_39_B,A,39,B,WL2,7,10,WL2_7_10
NA,A_43_A,A,43,A,TM2,6,1,TM2_6_1
NA,A_45_B,A,45,B,IH,2,4,IH_2_4
NA,A_49_A,A,49,A,YO7,7,23,YO7_7_23
NA,A_53_A,A,53,A,CC,4,4,CC_4_4
NA,A_53_B,A,53,B,BH,7,4,BH_7_4
NA,A_56_B,A,56,B,TM2,2,12,TM2_2_12
NA,A_14_D,A,14,D,CC,8,3,CC_8_3
NA,A_15_C,A,15,C,CC,1,3,CC_1_3
NA,A_17_D,A,17,D,BH,2,3,BH_2_3
NA,A_22_D,A,22,D,SC,8,3,SC_8_3
NA,A_23_D,A,23,D,TM2,3,3,TM2_3_3
NA,A_36_C,A,36,C,SC,2,4,SC_2_4
NA,A_44_C,A,44,C,TM2,6,3,TM2_6_3
NA,A_45_D,A,45,D,SC,4,4,SC_4_4
NA,A_46_D,A,46,D,SQ1,5,10,SQ1_5_10
NA,A_50_D,A,50,D,IH,6,4,IH_6_4
NA,A_56_C,A,56,C,IH,1,4,IH_1_4
NA,A_58_D,A,58,D,YO7,7,13,YO7_7_13
NA,B_22_A,B,22,A,IH,3,5,IH_3_5
NA,B_25_A,B,25,A,IH,6,5,IH_6_5
NA,B_37_A,B,37,A,TM2,1,16,TM2_1_16
NA,B_42_A,B,42,A,BH,2,5,BH_2_5
NA,B_43_A,B,43,A,BH,5,5,BH_5_5
NA,B_56_A,B,56,A,SC,6,15,SC_6_15
NA,B_57_A,B,57,A,IH,4,4,IH 4 4
NA,B_19_D,B,19,D,CC,2,6,CC_2_6
NA,B_26_C,B,26,C,IH,5,5,IH_5_5
NA,B_28_C,B,28,C,BH,4,5,BH_4_5
NA,B_36_D,B,36,D,TM2,1,4,TM2_1_4
NA,B_43_D,B,43,D,TM2,7,10,TM2_7_10
NA,B_45_C,B,45,C,WL2,1,11,WL2_1_11
NA,B_47_C,B,47,C,YO7,4,6,YO7_4_6
NA,B_56_C,B,56,C,TM2,1,3,TM2_1_3
NA,B_57_D,B,57,D,BH,2,4,BH_2_4
A,C_1_A,C,1,A,NA,NA,NA,buffer
A,C_1_B,C,1,B,NA,NA,NA,buffer
A,C_2_A,C,2,A,NA,NA,NA,buffer
A,C_2_B,C,2,B,NA,NA,NA,buffer
A,C_3_A,C,3,A,NA,NA,NA,buffer
A,C_3_B,C,3,B,NA,NA,NA,buffer
A,C_4_A,C,4,A,(WV x WL2) x (WV),NA,13,280
A,C_4_B,C,4,B,(LV1 x WL2) x (TM2 x WL2),NA,7,949
A,C_5_A,C,5,A,TM2,NA,70,540
A,C_5_B,C,5,B,(TM2 x WL2) x (SQ3 x WL2),NA,13,317
NA,C_6_A,C,6,A,CC,1,6,CC_1_6
A,C_6_B,C,6,B,(WL2 x BH) x (SQ3 x WL2),NA,14,1175
A,C_7_A,C,7,A,(TM2 x WL2) x (TM2 x WL2),NA,10,1091
A,C_7_B,C,7,B,(LV1 x WL2) x (WL2 x DPR),NA,13,968
A,C_8_A,C,8,A,(WL1 x WL2) x (BH x WL2),NA,2,333
A,C_8_B,C,8,B,(TM2 x WL2) x (YO11 x WL2),NA,2,374
A,C_9_B,C,9,B,TM2,NA,51,521
A,C_10_A,C,10,A,BH,NA,6,392
A,C_10_B,C,10,B,(WL1 x WL2) x (WL2 x TM2),NA,15,1160
A,C_11_A,C,11,A,TM2,NA,9,479
A,C_11_B,C,11,B,(WL2 x TM2) x (CC x TM2),NA,13,264
A,C_12_A,C,12,A,WV x TM2,NA,7,199
A,C_12_B,C,12,B,(WL2 x DPR) x (WL2),NA,5,1102
A,C_13_A,C,13,A,(TM2 x WL2) x (TM2),NA,2,344
A,C_13_B,C,13,B,(SQ3 x WL2) x (YO11 x WL2),NA,12,1511
A,C_14_A,C,14,A,WL2,NA,3,98
A,C_14_B,C,14,B,(SQ3 x WL2) x (SQ3 x WL2),NA,4,868
A,C_15_A,C,15,A,WL2,NA,30,125
A,C_15_B,C,15,B,(YO11 x WL2) x (SQ3 x WL2),NA,6,1007
A,C_16_A,C,16,A,(WL1 x WL2) x (WL2 x CC),NA,6,1119
A,C_16_B,C,16,B,WL2,NA,94,189
A,C_17_A,C,17,A,(LV1 x WL2) x (WL2),NA,8,71
A,C_17_B,C,17,B,TM2,NA,37,507
A,C_18_A,C,18,A,(TM2 x BH) x (TM2 x BH),NA,2,1336
A,C_18_B,C,18,B,(LV1 x WL2) x (SQ3 x WL2),NA,9,980
A,C_19_A,C,19,A,NA,NA,NA,NA
A,C_19_B,C,19,B,NA,NA,NA,NA
B,C_20_A,C,20,A,CC,NA,6,413
B,C_20_B,C,20,B,(DPR x WL2) x (YO11 x WL2),NA,4,698
B,C_21_A,C,21,A,WV x TM2,NA,22,215
B,C_21_B,C,21,B,BH,NA,21,407
B,C_22_A,C,22,A,TM2,NA,62,532
NA,C_22_B,C,22,B,BH,6,7,BH_6_7
B,C_23_A,C,23,A,WV,NA,20,469
B,C_23_B,C,23,B,WL2,NA,23,118
B,C_24_A,C,24,A,(WV x WL2) x (WV),NA,14,281
B,C_24_B,C,24,B,(DPR x WL2) x (WV x WL2),NA,3,1459
B,C_25_A,C,25,A,LV1 x WL2,NA,25,1275
B,C_25_B,C,25,B,(LV1 x WL2) x (WL2),NA,9,72
B,C_26_A,C,26,A,TM2,NA,24,494
B,C_26_B,C,26,B,WL2,NA,59,154
B,C_27_A,C,27,A,(WV) x (WV x WL2),NA,12,1398
B,C_27_B,C,27,B,WV x TM2,NA,8,200
B,C_28_A,C,28,A,TM2,NA,10,480
B,C_28_B,C,28,B,(TM2 x WL2) x (TM2),NA,5,347
B,C_29_A,C,29,A,LV1,NA,17,17
B,C_29_B,C,29,B,(WL1 x WL2) x (BH x WL2),NA,10,341
B,C_30_A,C,30,A,LV1 x TM2,NA,4,1228
B,C_30_B,C,30,B,TM2,NA,43,513
B,C_31_A,C,31,A,(YO11 x WL2) x (WL2),NA,13,939
B,C_31_B,C,31,B,TM2,NA,73,543
B,C_32_A,C,32,A,(TM2 x BH) x (TM2),NA,4,1053
B,C_32_B,C,32,B,TM2 x WL2,NA,3,1279
B,C_33_B,C,33,B,WL2,NA,88,183
B,C_34_A,C,34,A,(YO11 x WL2) x (DPR x WL2),NA,4,776
B,C_34_B,C,34,B,LV1,NA,2,2
B,C_35_A,C,35,A,WL2,NA,41,136
B,C_35_B,C,35,B,(TM2 x BH) x (TM2 x BH),NA,14,1348
B,C_36_A,C,36,A,NA,NA,NA,NA
NA,C_36_B,C,36,B,SC,2,19,SC_2_19
C,C_37_A,C,37,A,WL2,NA,50,145
C,C_37_B,C,37,B,TM2 x WL2,NA,13,1289
C,C_38_A,C,38,A,CC x TM2,NA,12,1362
C,C_38_B,C,38,B,WL2,NA,33,128
C,C_39_A,C,39,A,(TM2 x BH) x (TM2 x BH),NA,13,1347
C,C_39_B,C,39,B,(YO11 x WL2) x (SQ3 x WL2),NA,2,1003
C,C_40_A,C,40,A,(WL2 x BH) x (SQ3 x WL2),NA,1,1162
NA,C_40_B,C,40,B,BH,1,7,BH_1_7
C,C_41_A,C,41,A,(DPR) x (WL2 x DPR),NA,12,738
C,C_41_B,C,41,B,WL2,NA,5,100
C,C_42_A,C,42,A,(WL2 x DPR) x (TM2 x WL2),NA,1,1314
C,C_42_B,C,42,B,(SQ3 x WL2) x (TM2 x WL2),NA,10,888
C,C_43_A,C,43,A,(LV1 x WL2) x (WL2),NA,10,73
C,C_43_B,C,43,B,(TM2 x WL2) x (TM2),NA,13,355
C,C_44_A,C,44,A,TM2,NA,11,481
C,C_44_B,C,44,B,LV1 x TM2,NA,5,1229
NA,C_45_A,C,45,A,BH,7,7,BH_7_7
C,C_45_B,C,45,B,(WL1 x WL2) x (WL2 x CC),NA,8,1121
C,C_46_A,C,46,A,WV,NA,3,452
C,C_46_B,C,46,B,LV1,NA,20,20
C,C_47_A,C,47,A,WL2,NA,92,187
NA,C_47_B,C,47,B,IH,2,7,IH_2_7
C,C_48_A,C,48,A,(TM2 x WL2) x (WL2),NA,5,361
C,C_48_B,C,48,B,(WL2 x BH) x (WL2 x TM2),NA,8,243
C,C_49_A,C,49,A,(WL2 x CC) x (WL2 x TM2),NA,10,1187
C,C_49_B,C,49,B,WV x TM2,NA,9,201
C,C_50_A,C,50,A,(WL2) x (DPR x WL2),NA,13,907
C,C_50_B,C,50,B,BH,NA,18,404
C,C_51_A,C,51,A,NA,NA,NA,NA
C,C_51_B,C,51,B,NA,NA,NA,NA
D,C_52_A,C,52,A,WV x WL2,NA,7,1409
D,C_52_B,C,52,B,(LV1 x WL2) x (WL2),NA,11,74
D,C_53_A,C,53,A,(WL2 x BH) x (WL2 x TM2),NA,13,248
NA,C_53_B,C,53,B,IH,3,8,IH_3_8
D,C_54_A,C,54,A,LV1 x WL2,NA,5,1255
NA,C_54_B,C,54,B,TM2,1,14,TM2_1_14
NA,C_55_A,C,55,A,YO7,1,4,YO7_1_4
D,C_55_B,C,55,B,(WL1 x WL2) x (WL2 x CC),NA,11,1124
D,C_56_A,C,56,A,(DPR) x (WL2 x DPR),NA,13,739
D,C_56_B,C,56,B,LV1 x TM2,NA,17,1241
D,C_57_A,C,57,A,SQ3,NA,13,34
D,C_57_B,C,57,B,WV,NA,4,453
D,C_58_A,C,58,A,BH,NA,9,395
D,C_58_B,C,58,B,(WL2 x TM2) x (CC x TM2),NA,16,267
D,C_59_A,C,59,A,NA,NA,NA,buffer
D,C_59_B,C,59,B,NA,NA,NA,buffer
D,C_60_A,C,60,A,NA,NA,NA,buffer
D,C_60_B,C,60,B,NA,NA,NA,buffer
A,C_1_C,C,1,C,NA,NA,NA,buffer
A,C_1_D,C,1,D,NA,NA,NA,buffer
A,C_2_C,C,2,C,SC,5,6,SC_5_6
A,C_2_D,C,2,D,CC,9,6,CC_9_6
A,C_3_C,C,3,C,NA,NA,NA,buffer
A,C_3_D,C,3,D,(SQ3 x WL2) x (WL2),NA,8,87
A,C_4_C,C,4,C,(LV1 x WL2) x (YO11 x WL2),NA,2,987
A,C_4_D,C,4,D,NA,NA,NA,buffer
A,C_5_C,C,5,C,(BH) x (TM2 x BH),NA,4,666
A,C_5_D,C,5,D,NA,NA,NA,1185
A,C_6_C,C,6,C,LV1 x TM2,NA,3,1227
A,C_6_D,C,6,D,(WL2 x CC) x (WL2 x TM2),NA,8,487
A,C_7_C,C,7,C,(WL2 x BH) x (SQ3 x WL2),NA,11,1172
A,C_7_D,C,7,D,TM2,NA,17,1127
A,C_8_C,C,8,C,WL2,NA,72,167
A,C_8_D,C,8,D,(WL1 x WL2) x (WL2 x CC),NA,14,NA
A,C_9_C,C,9,C,(TM2 x BH) x (BH),NA,10,752
A,C_9_D,C,9,D,(SQ3 x WL2) x (TM2 x WL2),NA,8,886
A,C_10_C,C,10,C,WL1,NA,20,303
NA,C_10_D,C,10,D,BH,3,6,BH_3_6
A,C_11_C,C,11,C,(WL2) x (WV x WL2),NA,5,763
A,C_11_D,C,11,D,(WV) x (WV x WL2),NA,11,1397
A,C_12_C,C,12,C,TM2 x WL2,NA,10,1286
A,C_12_D,C,12,D,LV1,NA,1,1
A,C_13_C,C,13,C,(DPR) x (WL2 x DPR),NA,10,736
A,C_13_D,C,13,D,LV1 x TM2,NA,21,1245
A,C_14_C,C,14,C,WL2,NA,54,149
A,C_14_D,C,14,D,WV x WL2,NA,21,1423
A,C_15_C,C,15,C,SQ3,NA,20,41
A,C_15_D,C,15,D,TM2,NA,90,560
A,C_16_C,C,16,C,WL2,NA,35,130
A,C_16_D,C,16,D,(YO11 x WL2) x (WL2),NA,6,932
A,C_17_C,C,17,C,(TM2 x WL2) x (WL2),NA,15,371
A,C_17_D,C,17,D,BH x TM2,NA,16,600
A,C_18_C,C,18,C,NA,NA,NA,NA
A,C_18_D,C,18,D,NA,NA,NA,NA
B,C_19_C,C,19,C,(TM2 x WL2) x (SQ3 x WL2),NA,5,309
B,C_19_D,C,19,D,WL1,NA,15,298
B,C_20_C,C,20,C,(YO11 x WL2) x (WL2 x TM2),NA,3,790
B,C_20_D,C,20,D,(WL1 x WL2) x (WL2 x CC),NA,10,1123
B,C_21_C,C,21,C,(WL2 x CC) x (SQ3 x WL2),NA,7,1311
B,C_21_D,C,21,D,(WL2 x CC) x (WL2 x TM2),NA,9,1186
B,C_22_C,C,22,C,(SQ3 x WL2) x (WL2),NA,9,88
B,C_22_D,C,22,D,(DPR) x (WL2 x DPR),NA,11,737
B,C_23_C,C,23,C,WL2,NA,75,170
NA,C_23_D,C,23,D,TM2,4,12,TM2_4_12
B,C_24_C,C,24,C,LV1 x TM2,NA,19,1243
B,C_24_D,C,24,D,WL2,NA,4,99
B,C_25_C,C,25,C,(TM2 x WL2) x (WL2),NA,8,364
B,C_25_D,C,25,D,(WL2 x DPR) x (WL2),NA,11,1108
B,C_28_C,C,28,C,(WL2 x BH) x (WL2 x TM2),NA,16,251
B,C_28_D,C,28,D,(WL2 x TM2) x (CC x TM2),NA,14,265
B,C_29_C,C,29,C,(DPR) x (DPR x WL2),NA,1,711
B,C_29_D,C,29,D,BH,NA,7,393
NA,C_30_C,C,30,C,BH,4,7,BH_4_7
B,C_30_D,C,30,D,(LV1 x WL2) x (WL2 x DPR),NA,6,961
B,C_31_C,C,31,C,(LV1 x WL2) x (SQ3 x WL2),NA,3,974
B,C_31_D,C,31,D,(SQ3 x WL2) x (LV1 x WL2),NA,5,853
B,C_32_C,C,32,C,(SQ3 x WL2) x (LV1 x WL2),NA,11,859
NA,C_32_D,C,32,D,TM2,7,12,TM2_7_12
NA,C_33_C,C,33,C,TM2,2,5,TM2_2_5
B,C_33_D,C,33,D,WL2 x BH,NA,3,832
B,C_34_C,C,34,C,TM2,NA,94,564
B,C_34_D,C,34,D,(LV1 x WL2) x (YO11 x WL2),NA,5,990
B,C_35_C,C,35,C,NA,NA,NA,NA
B,C_35_D,C,35,D,NA,NA,NA,NA
B,C_36_C,C,36,C,NA,NA,NA,NA
C,C_36_D,C,36,D,WV x TM2,NA,21,214
NA,C_37_C,C,37,C,CC,2,7,CC_2_7
C,C_37_D,C,37,D,(DPR) x (DPR x WL2),NA,4,714
NA,C_38_C,C,38,C,YO7,1,3,YO7_1_3
C,C_38_D,C,38,D,TM2,NA,69,539
C,C_39_C,C,39,C,(WV x WL2) x (WV),NA,15,282
C,C_39_D,C,39,D,(WL2 x DPR) x (WL2),NA,1,1098
C,C_40_C,C,40,C,TM2,NA,19,489
C,C_40_D,C,40,D,WL2,NA,31,126
C,C_41_C,C,41,C,(WL2 x TM2) x (CC x TM2),NA,15,266
C,C_41_D,C,41,D,(LV1 x WL2) x (YO11 x WL2),NA,4,989
C,C_42_C,C,42,C,WL2,NA,79,174
C,C_42_D,C,42,D,TM2,NA,83,553
C,C_43_C,C,43,C,(WL1 x WL2) x (WL2 x TM2),NA,11,1156
C,C_43_D,C,43,D,(TM2 x BH) x (TM2 x WL2),NA,15,1048
C,C_44_C,C,44,C,LV1 x WL2,NA,2,1252
C,C_44_D,C,44,D,(TM2 x WL2) x (TM2 x WL2),NA,4,1085
C,C_45_C,C,45,C,NA,NA,NA,NA
C,C_45_D,C,45,D,BH,NA,8,394
C,C_46_C,C,46,C,TM2,NA,58,528
C,C_46_D,C,46,D,DPR,NA,1,429
C,C_47_C,C,47,C,LV1,NA,3,3
C,C_47_D,C,47,D,(WV) x (WV x WL2),NA,13,1399
C,C_48_C,C,48,C,(SQ3 x WL2) x (WL2),NA,10,89
C,C_48_D,C,48,D,(LV1 x WL2) x (TM2 x WL2),NA,4,946
C,C_49_C,C,49,C,SQ3,NA,16,37
C,C_49_D,C,49,D,TM2,NA,48,518
C,C_50_C,C,50,C,NA,NA,NA,NA
C,C_50_D,C,50,D,NA,NA,NA,NA
C,C_51_C,C,51,C,NA,NA,NA,NA
C,C_51_D,C,51,D,(TM2 x BH) x (BH),NA,12,754
D,C_52_C,C,52,C,(TM2 x BH) x (TM2),NA,13,1062
NA,C_52_D,C,52,D,TM2,7,13,TM2_7_13
D,C_53_C,C,53,C,LV1,NA,4,4
D,C_53_D,C,53,D,(WL2 x CC) x (WL2 x TM2),NA,11,1188
D,C_54_C,C,54,C,(SQ3 x WL2) x (TM2 x WL2),NA,7,885
D,C_54_D,C,54,D,TM2,NA,56,526
D,C_55_C,C,55,C,WV x TM2,NA,10,202
D,C_55_D,C,55,D,(WL1 x TM2) x (WL2 x TM2),NA,1,321
D,C_56_C,C,56,C,(YO11 x WL2) x (WV x WL2),NA,4,842
D,C_56_D,C,56,D,(TM2 x WL2) x (YO11 x WL2),NA,4,376
D,C_57_C,C,57,C,(LV1 x WL2) x (WL2 x DPR),NA,2,957
D,C_57_D,C,57,D,(WL1 x WL2) x (WL2 x TM2),NA,3,1148
D,C_58_C,C,58,C,LV1,NA,21,21
D,C_58_D,C,58,D,WL2,NA,81,176
D,C_59_C,C,59,C,NA,NA,NA,buffer
D,C_59_D,C,59,D,NA,NA,NA,buffer
D,C_60_C,C,60,C,NA,NA,NA,buffer
D,C_60_D,C,60,D,NA,NA,NA,buffer
D,D_1_A,D,1,A,NA,NA,NA,buffer
D,D_1_B,D,1,B,NA,NA,NA,buffer
D,D_2_A,D,2,A,NA,NA,NA,buffer
D,D_2_B,D,2,B,NA,NA,NA,buffer
D,D_3_A,D,3,A,NA,NA,NA,buffer
NA,D_3_B,D,3,B,IH,5,9,IH_5_9
D,D_4_A,D,4,A,(DPR) x (DPR x WL2),NA,14,724
D,D_4_B,D,4,B,(WL2) x (DPR x WL2),NA,12,906
D,D_5_A,D,5,A,LV1 x TM2,NA,6,1230
D,D_6_B,D,6,B,(SQ3 x WL2) x (WL2),NA,11,90
D,D_8_A,D,8,A,WL2,NA,6,101
D,D_9_A,D,9,A,(TM2 x BH) x (TM2 x BH),NA,16,1350
D,D_9_B,D,9,B,(YO11 x WL2) x (WL2),NA,11,937
D,D_10_A,D,10,A,(WV x WL2) x (WV),NA,16,283
D,D_10_B,D,10,B,DPR,NA,8,436
D,D_11_A,D,11,A,WL2,NA,18,113
D,D_11_B,D,11,B,TM2,NA,76,546
D,D_12_A,D,12,A,NA,NA,NA,NA
D,D_12_B,D,12,B,NA,NA,NA,NA
D,D_13_A,D,13,A,NA,NA,NA,NA
D,D_13_B,D,13,B,WL1,NA,21,304
NA,D_14_A,D,14,A,IH,7,9,IH_7_9
E,D_14_B,D,14,B,LV1,NA,5,5
E,D_15_A,D,15,A,WL2,NA,24,119
E,D_15_B,D,15,B,(SQ3 x WL2) x (WL2),NA,12,91
E,D_16_A,D,16,A,(WV x WL2) x (WV),NA,1,268
E,D_16_B,D,16,B,(WL2 x DPR) x (WL2),NA,10,1107
NA,D_17_A,D,17,A,CC,9,9,CC 9 9
E,D_17_B,D,17,B,WL2,NA,67,162
E,D_18_A,D,18,A,WV x TM2,NA,11,203
E,D_18_B,D,18,B,BH,NA,17,403
NA,D_19_A,D,19,A,TM2,7,18,TM2_7_18
NA,D_19_B,D,19,B,CC,4,9,CC_4_9
E,D_20_A,D,20,A,(LV1 x WL2) x (YO11 x WL2),NA,3,988
E,D_20_B,D,20,B,WL2,NA,46,141
NA,D_21_A,D,21,A,SC,5,9,SC_5_9
E,D_21_B,D,21,B,(YO11 x WL2) x (WL2 x TM2),NA,11,798
E,D_22_A,D,22,A,WV,NA,18,467
E,D_22_B,D,22,B,BH x TM2,NA,23,607
E,D_23_A,D,23,A,LV1 x TM2,NA,7,1231
E,D_23_B,D,23,B,SQ3,NA,1,22
E,D_24_A,D,24,A,(LV1 x WL2) x (WL2 x DPR),NA,14,969
NA,D_24_B,D,24,B,IH,1,9,IH_1_9
E,D_25_A,D,25,A,DPR,NA,19,447
E,D_25_B,D,25,B,(TM2 x WL2) x (WL2),NA,2,358
E,D_26_A,D,26,A,(LV1 x WL2) x (TM2 x WL2),NA,8,950
E,D_26_B,D,26,B,WL2,NA,53,148
E,D_27_A,D,27,A,(WV) x (WV x WL2),NA,15,1401
E,D_27_B,D,27,B,(TM2 x BH) x (BH),NA,14,756
E,D_28_A,D,28,A,TM2,NA,25,495
E,D_28_B,D,28,B,LV1 x TM2,NA,20,1244
E,D_29_A,D,29,A,(LV1 x WL2) x (WL2),NA,12,75
E,D_29_B,D,29,B,(TM2 x WL2) x (SQ3 x WL2),NA,11,315
E,D_30_A,D,30,A,NA,NA,NA,NA
E,D_30_B,D,30,B,NA,NA,NA,NA
F,D_31_A,D,31,A,WL2,NA,8,103
F,D_31_B,D,31,B,(SQ3 x WL2) x (DPR x WL2),NA,11,813
F,D_32_A,D,32,A,(SQ3 x WL2) x (WL2),NA,13,92
F,D_32_B,D,32,B,TM2,NA,68,538
F,D_33_A,D,33,A,(WV x WL2) x (WV),NA,2,269
F,D_33_B,D,33,B,(DPR) x (WL2 x DPR),NA,15,741
F,D_34_A,D,34,A,TM2 x WL2,NA,4,1280
F,D_34_B,D,34,B,(WL2 x BH) x (WL2 x TM2),NA,11,246
F,D_35_A,D,35,A,(WL2 x DPR) x (WL2),NA,4,1101
F,D_36_A,D,36,A,TM2,NA,33,503
F,D_36_B,D,36,B,WL2,NA,95,190
F,D_37_A,D,37,A,(SQ3 x WL2) x (YO11 x WL2),NA,15,1514
F,D_37_B,D,37,B,TM2,NA,61,531
F,D_38_A,D,38,A,(DPR) x (DPR x WL2),NA,3,713
F,D_38_B,D,38,B,LV1,NA,6,6
F,D_39_A,D,39,A,(TM2 x WL2) x (TM2),NA,8,350
F,D_39_B,D,39,B,TM2,NA,14,484
F,D_40_A,D,40,A,DPR x WL2,NA,5,1214
NA,D_40_B,D,40,B,BH,7,8,BH_7_8
F,D_41_A,D,41,A,(TM2 x BH) x (BH),NA,15,757
F,D_41_B,D,41,B,TM2,NA,89,559
F,D_42_A,D,42,A,LV1 x TM2,NA,8,1232
F,D_42_B,D,42,B,(WL2) x (DPR x WL2),NA,3,897
F,D_43_A,D,43,A,(WL2 x CC) x (WL2 x TM2),NA,13,1190
F,D_43_B,D,43,B,SQ3,NA,19,40
F,D_44_A,D,44,A,(WL2) x (DPR x WL2),NA,1,895
F,D_44_B,D,44,B,NA,NA,NA,NA
G,D_45_A,D,45,A,WV x TM2,NA,13,205
G,D_45_B,D,45,B,(LV1 x WL2) x (WL2 x DPR),NA,5,960
G,D_46_A,D,46,A,(LV1 x WL2) x (LV1 x WL2),NA,6,1023
G,D_46_B,D,46,B,BH,NA,12,398
G,D_47_A,D,47,A,NA,NA,NA,NA
G,D_47_B,D,47,B,WL2,NA,62,157
G,D_48_A,D,48,A,TM2,NA,15,485
G,D_48_B,D,48,B,WV x WL2,NA,1,1403
G,D_49_A,D,49,A,LV1,NA,7,7
G,D_49_B,D,49,B,(YO11 x WL2) x (DPR x WL2),NA,6,778
G,D_50_A,D,50,A,(WV x WL2) x (WV),NA,3,270
G,D_50_B,D,50,B,TM2,NA,20,490
G,D_51_A,D,51,A,(LV1 x WL2) x (WL2),NA,14,77
G,D_51_B,D,51,B,BH x WL2,NA,22,632
G,D_52_A,D,52,A,WL1,NA,16,299
G,D_52_B,D,52,B,(WL1 x TM2) x (WL2 x TM2),NA,6,326
G,D_53_A,D,53,A,TM2,NA,52,522
G,D_53_B,D,53,B,NA,NA,NA,NA
G,D_54_A,D,54,A,(WL1 x WL2) x (WL2 x CC),NA,4,1117
G,D_54_B,D,54,B,(WV) x (WV x WL2),NA,1,1387
G,D_55_A,D,55,A,(WL2 x TM2) x (CC x TM2),NA,3,254
G,D_55_B,D,55,B,WL2,NA,86,181
G,D_56_A,D,56,A,TM2,NA,88,558
G,D_56_B,D,56,B,NA,NA,NA,NA
G,D_57_A,D,57,A,LV1 x TM2,NA,18,1242
G,D_57_B,D,57,B,(TM2 x BH) x (TM2 x BH),NA,10,1344
G,D_58_A,D,58,A,NA,NA,NA,buffer
G,D_58_B,D,58,B,(WV x WL2) x (WL2 x DPR),NA,3,1327
G,D_59_A,D,59,A,WL2,NA,19,114
G,D_59_B,D,59,B,NA,NA,NA,buffer
D,D_1_C,D,1,C,NA,NA,NA,buffer
D,D_1_D,D,1,D,NA,NA,NA,buffer
D,D_2_C,D,2,C,NA,NA,NA,buffer
D,D_2_D,D,2,D,NA,NA,NA,buffer
D,D_3_C,D,3,C,NA,NA,NA,buffer
D,D_3_D,D,3,D,NA,NA,NA,buffer
D,D_4_C,D,4,C,TM2,NA,18,488
D,D_4_D,D,4,D,TM2,NA,34,504
D,D_5_C,D,5,C,(WL2) x (WV x WL2),NA,14,772
D,D_5_D,D,5,D,WL2,NA,70,165
D,D_7_C,D,7,C,WV x TM2,NA,20,213
D,D_8_D,D,8,D,(TM2 x WL2) x (TM2),NA,3,345
D,D_9_C,D,9,C,(WV) x (WV x WL2),NA,14,1400
D,D_9_D,D,9,D,WL2,NA,40,135
D,D_10_C,D,10,C,(LV1 x WL2) x (YO11 x WL2),NA,1,986
D,D_10_D,D,10,D,TM2,NA,82,552
D,D_11_C,D,11,C,TM2,NA,12,482
D,D_11_D,D,11,D,(TM2 x WL2) x (WL2),NA,3,359
D,D_12_C,D,12,C,WL2,NA,49,144
D,D_12_D,D,12,D,NA,NA,NA,NA
D,D_13_C,D,13,C,(TM2 x BH) x (BH),NA,13,755
E,D_13_D,D,13,D,(WL1 x WL2) x (WL2 x TM2),NA,14,1159
E,D_14_C,D,14,C,(YO11 x WL2) x (WL2),NA,8,934
E,D_14_D,D,14,D,WL2,NA,85,180
E,D_15_C,D,15,C,(WL1 x TM2) x (WL2 x TM2),NA,4,324
E,D_15_D,D,15,D,WL2,NA,7,102
E,D_16_C,D,16,C,(SQ3 x WL2) x (YO11 x WL2),NA,11,1510
E,D_16_D,D,16,D,BH,NA,10,396
E,D_17_C,D,17,C,(WL2 x BH) x (SQ3 x WL2),NA,15,1176
E,D_17_D,D,17,D,(TM2 x WL2) x (TM2 x WL2),NA,3,1084
E,D_18_C,D,18,C,TM2 x WL2,NA,5,1281
E,D_18_D,D,18,D,TM2,NA,78,548
E,D_19_C,D,19,C,(WL2 x DPR) x (YO11 x WL2),NA,10,578
E,D_19_D,D,19,D,(YO11 x WL2) x (SQ3 x WL2),NA,4,1005
E,D_20_C,D,20,C,TM2,NA,39,509
E,D_20_D,D,20,D,TM2,NA,55,525
E,D_21_C,D,21,C,YO11,NA,11,53
E,D_21_D,D,21,D,(WL2 x TM2) x (CC x TM2),NA,1,252
E,D_22_C,D,22,C,(TM2 x BH) x (TM2 x BH),NA,11,1345
E,D_22_D,D,22,D,(SQ3 x WL2) x (DPR x WL2),NA,13,815
E,D_23_C,D,23,C,(WL1 x WL2) x (BH x WL2),NA,7,338
E,D_23_D,D,23,D,(DPR x WL2) x (YO11 x WL2),NA,10,704
E,D_24_C,D,24,C,(TM2 x WL2) x (TM2),NA,6,348
E,D_24_D,D,24,D,WL1,NA,18,301
NA,D_25_C,D,25,C,CC,2,9,CC_2_9
E,D_25_D,D,25,D,(SQ3 x WL2) x (TM2 x WL2),NA,4,882
NA,D_26_C,D,26,C,SC,8,15,SC_8_15
E,D_26_D,D,26,D,(WL2) x (TM2 x WL2),NA,1,911
E,D_27_C,D,27,C,TM2,NA,92,562
E,D_27_D,D,27,D,(WL1 x WL2) x (WL2 x CC),NA,1,1114
E,D_28_C,D,28,C,(DPR) x (WL2 x DPR),NA,14,740
E,D_28_D,D,28,D,TM2,NA,13,483
E,D_29_C,D,29,C,NA,NA,NA,NA
E,D_29_D,D,29,D,NA,NA,NA,NA
E,D_30_C,D,30,C,(DPR x WL2) x (WV x WL2),NA,13,1469
E,D_30_D,D,30,D,NA,NA,NA,NA
F,D_31_C,D,31,C,NA,NA,NA,NA
F,D_31_D,D,31,D,NA,NA,NA,NA
F,D_32_C,D,32,C,(WL2) x (WV x WL2),NA,9,767
F,D_32_D,D,32,D,(WV) x (WV x WL2),NA,16,1402
F,D_33_C,D,33,C,WL2,NA,55,150
F,D_33_D,D,33,D,WL2,NA,34,129
F,D_34_C,D,34,C,(SQ3 x WL2) x (TM2 x WL2),NA,1,879
F,D_34_D,D,34,D,BH x TM2,NA,17,601
F,D_35_C,D,35,C,WL2,NA,32,127
F,D_35_D,D,35,D,(TM2) x (TM2 x WL2),NA,9,228
F,D_36_C,D,36,C,WV x TM2,NA,12,204
F,D_36_D,D,36,D,SQ3 x WL2,NA,4,640
F,D_37_C,D,37,C,(WL2 x CC) x (WL2 x TM2),NA,12,1189
F,D_37_D,D,37,D,(TM2 x WL2) x (SQ3 x WL2),NA,8,312
F,D_38_C,D,38,C,LV1 x WL2,NA,19,1269
F,D_38_D,D,38,D,(TM2 x BH) x (TM2 x BH),NA,5,1339
F,D_39_C,D,39,C,BH,NA,11,397
F,D_39_D,D,39,D,(WL2 x TM2) x (CC x TM2),NA,2,253
NA,D_40_C,D,40,C,IH,5,8,IH_5_8
F,D_40_D,D,40,D,(CC x TM2) x (WL2 x TM2),NA,2,1430
F,D_41_C,D,41,C,(WL2 x BH) x (SQ3 x WL2),NA,4,1165
F,D_41_D,D,41,D,WV x WL2,NA,2,1404
F,D_42_C,D,42,C,WL2,NA,66,161
F,D_42_D,D,42,D,(YO11 x WL2) x (WL2 x TM2),NA,8,795
F,D_43_C,D,43,C,TM2,NA,21,491
F,D_43_D,D,43,D,(LV1 x WL2) x (WL2),NA,13,76
F,D_44_C,D,44,C,(TM2 x WL2) x (WL2),NA,7,363
F,D_44_D,D,44,D,WL1,NA,14,297
G,D_45_C,D,45,C,(TM2 x WL2) x (YO11 x WL2),NA,13,385
G,D_45_D,D,45,D,LV1 x TM2,NA,9,1233
G,D_46_C,D,46,C,TM2,NA,72,542
G,D_46_D,D,46,D,(WL2) x (TM2 x WL2),NA,7,917
G,D_47_C,D,47,C,WL2,NA,9,104
G,D_47_D,D,47,D,(TM2 x BH) x (BH),NA,16,758
G,D_48_C,D,48,C,DPR x WL2,NA,2,1211
G,D_48_D,D,48,D,WL2,NA,38,133
G,D_49_C,D,49,C,WV x TM2,NA,19,212
G,D_49_D,D,49,D,(WL2 x CC) x (SQ3 x WL2),NA,9,1313
G,D_50_C,D,50,C,(LV1 x WL2) x (YO11 x WL2),NA,7,992
G,D_50_D,D,50,D,(WL1 x WL2) x (WL2 x TM2),NA,9,1154
NA,D_51_C,D,51,C,IH,1,8,IH_1_8
G,D_51_D,D,51,D,WL2,NA,80,175
G,D_52_C,D,52,C,LV1 x WL2,NA,21,1271
G,D_52_D,D,52,D,(SQ3 x WL2) x (WL2),NA,14,93
G,D_53_C,D,53,C,(TM2 x WL2) x (SQ3 x WL2),NA,6,310
G,D_53_D,D,53,D,(DPR) x (WL2 x DPR),NA,16,742
G,D_54_C,D,54,C,(WL2 x CC) x (WL2 x TM2),NA,14,1191
G,D_54_D,D,54,D,(WL2) x (WV x WL2),NA,4,762
NA,D_55_C,D,55,C,SC,4,8,SC_4_8
G,D_55_D,D,55,D,(YO11 x WL2) x (WL2),NA,10,936
G,D_56_C,D,56,C,TM2,NA,41,511
G,D_56_D,D,56,D,BH x TM2,NA,24,608
G,D_57_C,D,57,C,NA,NA,NA,NA
G,D_57_D,D,57,D,NA,NA,NA,NA
G,D_58_C,D,58,C,NA,NA,NA,buffer
G,D_58_D,D,58,D,NA,NA,NA,buffer
G,D_59_C,D,59,C,NA,NA,NA,buffer
G,D_59_D,D,59,D,NA,NA,NA,buffer
H,E_1_A,E,1,A,NA,NA,NA,buffer
H,E_1_B,E,1,B,NA,NA,NA,buffer
H,E_2_A,E,2,A,NA,NA,NA,buffer
H,E_2_B,E,2,B,NA,NA,NA,buffer
H,E_3_A,E,3,A,NA,NA,NA,buffer
H,E_3_B,E,3,B,NA,NA,NA,buffer
H,E_4_A,E,4,A,NA,NA,NA,NA
H,E_4_B,E,4,B,NA,NA,NA,NA
H,E_5_A,E,5,A,(LV1 x WL2) x (WL2 x DPR),NA,3,958
H,E_5_B,E,5,B,WV x TM2,NA,25,218
H,E_6_B,E,6,B,TM2,NA,28,498
H,E_7_A,E,7,A,(DPR x WL2) x (YO11 x WL2),NA,6,700
H,E_7_B,E,7,B,(TM2 x WL2) x (LV1 x WL2),NA,4,1496
H,E_8_A,E,8,A,(SQ3 x WL2) x (TM2 x WL2),NA,5,883
NA,E_8_B,E,8,B,TM2,6,2,TM2_6_2
H,E_9_A,E,9,A,(YO11 x WL2) x (WL2),NA,2,928
H,E_10_A,E,10,A,BH,NA,13,399
H,E_10_B,E,10,B,(DPR) x (WL2 x DPR),NA,1,727
H,E_11_A,E,11,A,TM2,NA,96,566
H,E_11_B,E,11,B,(LV1 x WL2) x (YO11 x WL2),NA,13,998
H,E_12_A,E,12,A,WL2,NA,63,158
H,E_12_B,E,12,B,LV1 x WL2,NA,3,1253
H,E_13_A,E,13,A,WV,NA,5,454
H,E_14_A,E,14,A,WL2,NA,78,173
H,E_14_B,E,14,B,SQ3,NA,4,25
H,E_15_A,E,15,A,LV1,NA,8,8
H,E_15_B,E,15,B,(YO11 x WL2) x (DPR x WL2),NA,5,777
H,E_16_A,E,16,A,(DPR x WL2) x (SQ3 x WL2),NA,12,690
H,E_16_B,E,16,B,WV x TM2,NA,14,206
H,E_17_A,E,17,A,(WL2) x (WV x WL2),NA,12,770
H,E_17_B,E,17,B,(LV1 x WL2) x (TM2 x WL2),NA,2,944
H,E_18_A,E,18,A,(WL2) x (TM2 x WL2),NA,6,916
H,E_18_B,E,18,B,(TM2 x WL2) x (WL2),NA,16,372
H,E_19_A,E,19,A,(LV1 x WL2) x (WL2),NA,15,78
H,E_19_B,E,19,B,WL2,NA,10,105
H,E_20_A,E,20,A,(WV x WL2) x (WV),NA,4,271
H,E_20_B,E,20,B,(SQ3 x WL2) x (WL2),NA,15,94
NA,E_21_A,E,21,A,CC,5,10,CC_5_10
H,E_21_B,E,21,B,NA,NA,NA,NA
NA,E_22_A,E,22,A,IH,2,10,IH_2_10
H,E_22_B,E,22,B,NA,NA,NA,NA
I,E_23_A,E,23,A,BH,NA,14,400
NA,E_23_B,E,23,B,WR,3,2,WR_3_2
I,E_24_A,E,24,A,(WL2) x (WV x WL2),NA,3,761
I,E_24_B,E,24,B,DPR,NA,3,431
I,E_25_A,E,25,A,(CC x TM2) x (WL2 x TM2),NA,1,1429
NA,E_25_B,E,25,B,TM2,1,15,TM2_1_15
I,E_26_A,E,26,A,WL1,NA,13,296
I,E_26_B,E,26,B,TM2,NA,93,563
I,E_27_A,E,27,A,(SQ3 x WL2) x (WL2),NA,16,95
I,E_27_B,E,27,B,(WL2 x DPR) x (TM2 x WL2),NA,6,1319
I,E_28_A,E,28,A,(DPR) x (DPR x WL2),NA,5,715
I,E_28_B,E,28,B,WL2,NA,56,151
NA,E_29_A,E,29,A,TM2,1,9,TM2_1_9
I,E_29_B,E,29,B,(DPR x WL2) x (YO11 x WL2),NA,13,707
I,E_41_A,E,41,A,(TM2 x BH) x (TM2 x BH),NA,8,1342
I,E_41_B,E,41,B,(SQ3 x WL2) x (LV1 x WL2),NA,3,851
I,E_42_A,E,42,A,WV x TM2,NA,3,207
I,E_42_B,E,42,B,LV1 x TM2,NA,24,1248
I,E_43_A,E,43,A,(TM2 x WL2) x (WL2),NA,13,369
I,E_43_B,E,43,B,(WV) x (WV x WL2),NA,3,1389
I,E_44_A,E,44,A,WL2,NA,73,168
NA,E_44_B,E,44,B,SC,4,10,SC_4_10
I,E_45_A,E,45,A,(LV1 x WL2) x (LV1 x WL2),NA,8,1025
I,E_45_B,E,45,B,WL2,NA,47,142
I,E_46_A,E,46,A,(WL1 x WL2) x (WL2 x TM2),NA,2,1147
NA,E_46_B,E,46,B,IH,3,11,IH_3_11
NA,E_47_A,E,47,A,BH,4,11,BH_4_11
I,E_47_B,E,47,B,TM2,NA,35,505
NA,E_48_A,E,48,A,SC,5,11,SC_5_11
I,E_48_B,E,48,B,(TM2 x BH) x (TM2 x WL2),NA,4,1037
NA,E_49_A,E,49,A,YO7,4,3,YO7_4_3
NA,E_49_B,E,49,B,TM2,6,4,TM2_6_4
I,E_50_A,E,50,A,(YO11 x WL2) x (DPR x WL2),NA,2,774
I,E_50_B,E,50,B,(WL2 x CC) x (WL2 x TM2),NA,16,1193
I,E_51_A,E,51,A,(WL1 x WL2) x (BH x WL2),NA,3,334
I,E_51_B,E,51,B,NA,NA,NA,NA
I,E_52_A,E,52,A,NA,NA,NA,buffer
I,E_52_B,E,52,B,NA,NA,NA,buffer
I,E_53_A,E,53,A,NA,NA,NA,buffer
I,E_53_B,E,53,B,NA,NA,NA,buffer
H,E_1_C,E,1,C,NA,NA,NA,buffer
H,E_1_D,E,1,D,NA,NA,NA,buffer
H,E_2_C,E,2,C,NA,NA,NA,buffer
H,E_2_D,E,2,D,NA,NA,NA,buffer
H,E_3_C,E,3,C,NA,NA,NA,buffer
H,E_3_D,E,3,D,NA,NA,NA,buffer
H,E_4_C,E,4,C,(DPR x WL2) x (WV x WL2),NA,1,1457
H,E_4_D,E,4,D,LV1 x TM2,NA,10,1234
H,E_5_C,E,5,C,(WL2 x BH) x (WL2 x TM2),NA,15,250
H,E_5_D,E,5,D,(SQ3 x WL2) x (SQ3 x WL2),NA,11,875
H,E_6_C,E,6,C,TM2,NA,57,527
H,E_6_D,E,6,D,(TM2 x BH) x (BH),NA,1,743
H,E_7_C,E,7,C,(WL2 x DPR) x (WL2),NA,6,1103
H,E_7_D,E,7,D,WV x WL2,NA,4,1406
H,E_8_C,E,8,C,DPR x WL2,NA,3,1212
H,E_8_D,E,8,D,TM2,NA,16,486
H,E_9_C,E,9,C,WL1,NA,10,293
H,E_9_D,E,9,D,(TM2 x BH) x (TM2 x BH),NA,1,1335
H,E_10_C,E,10,C,LV1 x TM2,NA,23,1247
H,E_10_D,E,10,D,(WL2 x CC) x (WL2 x TM2),NA,15,1192
H,E_11_C,E,11,C,(DPR x WL2) x (SQ3 x WL2),NA,4,682
H,E_11_D,E,11,D,(TM2 x WL2) x (YO11 x WL2),NA,6,378
H,E_12_C,E,12,C,(TM2) x (TM2 x WL2),NA,16,235
H,E_12_D,E,12,D,(WL2) x (DPR x WL2),NA,15,909
H,E_13_C,E,13,C,BH x TM2,NA,21,605
H,E_13_D,E,13,D,(TM2 x WL2) x (DPR x WL2),NA,2,1490
H,E_14_C,E,14,C,(TM2 x WL2) x (SQ3 x WL2),NA,4,308
H,E_14_D,E,14,D,DPR,NA,9,437
H,E_15_C,E,15,C,TM2,NA,47,517
H,E_16_C,E,16,C,WL2,NA,45,140
H,E_17_C,E,17,C,WL2,NA,21,116
H,E_17_D,E,17,D,TM2,NA,75,545
H,E_18_C,E,18,C,(WL2 x BH) x (SQ3 x WL2),NA,6,1167
H,E_18_D,E,18,D,WL2,NA,83,178
H,E_19_C,E,19,C,(WV) x (WV x WL2),NA,2,1388
H,E_19_D,E,19,D,(WL2 x TM2) x (CC x TM2),NA,4,255
H,E_20_C,E,20,C,NA,NA,NA,NA
NA,E_20_D,E,20,D,BH,2,10,BH_2_10
NA,E_21_C,E,21,C,YO7,5,5,YO7_5_5
H,E_21_D,E,21,D,NA,NA,NA,NA
I,E_22_C,E,22,C,TM2,NA,98,568
I,E_22_D,E,22,D,LV1 x TM2,NA,11,1235
NA,E_23_C,E,23,C,BH,1,10,BH_1_10
NA,E_23_D,E,23,D,IH,5,10,IH_5_10
I,E_24_C,E,24,C,(WV x WL2) x (WV),NA,5,272
I,E_24_D,E,24,D,WL2,NA,22,117
I,E_25_C,E,25,C,(WL2 x BH) x (WL2 x TM2),NA,9,244
I,E_25_D,E,25,D,SQ3 x WL2,NA,1,637
I,E_26_C,E,26,C,WL2,NA,11,106
I,E_26_D,E,26,D,SQ3,NA,5,26
NA,E_27_C,E,27,C,BH,4,10,BH_4_10
I,E_27_D,E,27,D,(LV1 x WL2) x (WL2),NA,16,79
I,E_28_C,E,28,C,(TM2 x BH) x (BH),NA,2,744
I,E_28_D,E,28,D,LV1,NA,9,9
I,E_29_C,E,29,C,WL2,NA,87,182
NA,E_29_D,E,29,D,IH,4,10,IH_4_10
I,E_41_C,E,41,C,(LV1 x WL2) x (WL2 x DPR),NA,1,956
I,E_41_D,E,41,D,(WL2) x (DPR x WL2),NA,10,904
I,E_42_C,E,42,C,WV x WL2,NA,22,1424
I,E_42_D,E,42,D,(WL2 x TM2) x (CC x TM2),NA,5,256
I,E_43_C,E,43,C,LV1 x WL2,NA,9,1259
NA,E_43_D,E,43,D,IH,1,10,IH_1_10
I,E_44_C,E,44,C,WV,NA,21,470
I,E_44_D,E,44,D,(YO11 x WL2) x (WL2),NA,14,940
I,E_45_C,E,45,C,(WL1 x WL2) x (WL2 x CC),NA,7,1120
I,E_45_D,E,45,D,TM2,NA,1,471
I,E_46_C,E,46,C,BH x TM2,NA,10,594
I,E_46_D,E,46,D,TM2,NA,79,549
I,E_47_C,E,47,C,WV x TM2,NA,23,216
I,E_47_D,E,47,D,TM2,NA,30,500
I,E_48_C,E,48,C,(WL1 x TM2) x (WL2 x TM2),NA,8,328
I,E_48_D,E,48,D,(DPR) x (WL2 x DPR),NA,2,728
I,E_49_C,E,49,C,(TM2 x WL2) x (YO11 x WL2),NA,8,380
I,E_49_D,E,49,D,TM2,NA,49,519
I,E_50_C,E,50,C,(TM2 x WL2) x (SQ3 x WL2),NA,14,318
NA,E_50_D,E,50,D,IH,5,11,IH_5_11
I,E_51_C,E,51,C,NA,NA,NA,NA
I,E_51_D,E,51,D,NA,NA,NA,NA
I,E_52_C,E,52,C,NA,NA,NA,buffer
I,E_52_D,E,52,D,NA,NA,NA,buffer
I,E_53_C,E,53,C,NA,NA,NA,buffer
I,E_53_D,E,53,D,NA,NA,NA,buffer
J,F_1_A,F,1,A,NA,NA,NA,buffer
J,F_1_B,F,1,B,NA,NA,NA,buffer
J,F_2_A,F,2,A,NA,NA,NA,buffer
J,F_2_B,F,2,B,NA,NA,NA,buffer
J,F_3_A,F,3,A,NA,NA,NA,buffer
J,F_3_B,F,3,B,NA,NA,NA,buffer
J,F_4_A,F,4,A,NA,NA,NA,NA
J,F_4_B,F,4,B,LV1,NA,12,12
J,F_5_A,F,5,A,(LV1 x WL2) x (TM2 x WL2),NA,10,952
J,F_6_A,F,6,A,(WL2) x (WV x WL2),NA,10,768
J,F_6_B,F,6,B,(WL1 x WL2) x (WL2 x CC),NA,5,1118
J,F_7_A,F,7,A,(LV1 x WL2) x (YO11 x WL2),NA,8,993
NA,F_7_B,F,7,B,IH,1,12,IH_1_12
J,F_8_A,F,8,A,TM2,NA,65,535
J,F_8_B,F,8,B,(DPR) x (WL2 x DPR),NA,3,729
J,F_9_A,F,9,A,(WV x WL2) x (WV),NA,6,273
J,F_9_B,F,9,B,(WV) x (WV x WL2),NA,4,1390
J,F_10_A,F,10,A,(WL2 x BH) x (SQ3 x WL2),NA,8,1169
J,F_10_B,F,10,B,(WL1 x WL2) x (WL2 x TM2),NA,1,1146
J,F_11_A,F,11,A,SQ3,NA,2,23
J,F_11_B,F,11,B,TM2,NA,40,510
J,F_12_A,F,12,A,(SQ3 x WL2) x (WL2),NA,1,80
J,F_12_B,F,12,B,(WL2 x CC) x (WL2 x TM2),NA,1,1178
J,F_13_A,F,13,A,SQ3 x WL2,NA,9,645
J,F_13_B,F,13,B,WL2,NA,65,160
J,F_14_A,F,14,A,TM2,NA,59,529
J,F_14_B,F,14,B,LV1 x WL2,NA,1,1251
J,F_15_A,F,15,A,(DPR) x (DPR x WL2),NA,2,712
J,F_15_B,F,15,B,(WL2 x DPR) x (DPR),NA,7,1200
J,F_16_A,F,16,A,(DPR x WL2) x (WV x WL2),NA,7,1463
J,F_16_B,F,16,B,BH,NA,15,401
J,F_17_A,F,17,A,WL2,NA,51,146
J,F_17_B,F,17,B,(TM2 x WL2) x (YO11 x WL2),NA,5,377
J,F_18_A,F,18,A,WL2,NA,36,131
J,F_18_B,F,18,B,WV x TM2,NA,15,208
K,F_19_A,F,19,A,(TM2 x BH) x (TM2),NA,12,1061
K,F_19_B,F,19,B,NA,NA,NA,NA
K,F_20_A,F,20,A,(WL2 x DPR) x (TM2 x WL2),NA,8,1321
K,F_20_B,F,20,B,(TM2 x BH) x (TM2 x BH),NA,4,1338
K,F_21_A,F,21,A,LV1 x WL2,NA,20,1270
K,F_21_B,F,21,B,TM2,NA,50,520
K,F_22_A,F,22,A,TM2,NA,22,492
K,F_22_B,F,22,B,TM2,NA,45,515
K,F_23_A,F,23,A,(WL2 x BH) x (SQ3 x WL2),NA,9,1170
K,F_23_B,F,23,B,WL2,NA,13,108
NA,F_24_A,F,24,A,TM2,2,4,TM2_2_4
K,F_24_B,F,24,B,(SQ3 x WL2) x (WL2),NA,2,81
K,F_25_A,F,25,A,BH,NA,16,402
K,F_25_B,F,25,B,(TM2 x WL2) x (WL2),NA,11,367
NA,F_26_A,F,26,A,WL2,8,4,WL2_8_4
K,F_26_B,F,26,B,LV1,NA,13,13
K,F_27_A,F,27,A,(WV) x (WV x WL2),NA,5,1391
K,F_27_B,F,27,B,WL2,NA,43,138
K,F_39_A,F,39,A,(SQ3 x WL2) x (LV1 x WL2),NA,13,861
K,F_39_B,F,39,B,LV1 x TM2,NA,13,1237
K,F_40_A,F,40,A,(YO11 x WL2) x (SQ3 x WL2),NA,8,1009
K,F_40_B,F,40,B,NA,NA,NA,NA
K,F_41_A,F,41,A,CC,NA,18,425
K,F_41_B,F,41,B,TM2,NA,77,547
K,F_42_A,F,42,A,(WL2 x CC) x (WL2 x TM2),NA,2,1179
NA,F_42_B,F,42,B,CC,3,11,CC_3_11
K,F_43_A,F,43,A,(BH) x (TM2 x BH),NA,16,678
NA,F_43_B,F,43,B,CC,8,11,CC_8_11
K,F_44_A,F,44,A,Buffer,NA,NA,NA
K,F_44_B,F,44,B,Buffer,NA,NA,NA
K,F_45_A,F,45,A,WL2,NA,77,172
L,F_45_B,F,45,B,(WL2) x (DPR x WL2),NA,2,896
L,F_46_A,F,46,A,NA,NA,NA,buffer
L,F_46_B,F,46,B,NA,NA,NA,buffer
L,F_47_A,F,47,A,NA,NA,NA,buffer
L,F_47_B,F,47,B,NA,NA,NA,buffer
J,F_1_C,F,1,C,NA,NA,NA,buffer
J,F_1_D,F,1,D,NA,NA,NA,buffer
J,F_2_C,F,2,C,NA,NA,NA,buffer
J,F_2_D,F,2,D,NA,NA,NA,buffer
J,F_3_C,F,3,C,NA,NA,NA,buffer
J,F_3_D,F,3,D,NA,NA,NA,buffer
J,F_4_C,F,4,C,(TM2 x BH) x (TM2 x WL2),NA,14,1047
J,F_4_D,F,4,D,TM2,NA,2,472
J,F_5_C,F,5,C,NA,NA,NA,NA
J,F_5_D,F,5,D,(YO11 x WL2) x (TM2 x WL2),NA,4,820
J,F_6_C,F,6,C,(TM2 x BH) x (BH),NA,3,745
J,F_6_D,F,6,D,TM2,NA,95,565
J,F_7_C,F,7,C,LV1 x TM2,NA,12,1236
J,F_7_D,F,7,D,LV1 x TM2,NA,25,1249
NA,F_8_C,F,8,C,SC,6,12,SC_6_12
J,F_8_D,F,8,D,TM2,NA,26,496
J,F_9_C,F,9,C,(YO11 x WL2) x (WL2),NA,4,930
J,F_9_D,F,9,D,(TM2 x BH) x (TM2),NA,16,1065
J,F_10_C,F,10,C,NA,NA,NA,NA
J,F_10_D,F,10,D,WL2,NA,20,115
J,F_11_C,F,11,C,(LV1 x WL2) x (WL2 x DPR),NA,10,965
J,F_11_D,F,11,D,(WL2 x TM2) x (CC x TM2),NA,6,257
J,F_12_C,F,12,C,(DPR x WL2) x (DPR x WL2),NA,9,1440
J,F_12_D,F,12,D,WL2,NA,12,107
J,F_13_C,F,13,C,DPR,NA,4,432
J,F_13_D,F,13,D,WL2,NA,93,188
J,F_14_C,F,14,C,(TM2 x WL2) x (WL2),NA,1,357
J,F_14_D,F,14,D,WL1,NA,19,302
J,F_15_C,F,15,C,WV,NA,6,455
J,F_15_D,F,15,D,(DPR x WL2) x (SQ3 x WL2),NA,11,689
J,F_16_C,F,16,C,(TM2 x WL2) x (SQ3 x WL2),NA,12,316
J,F_16_D,F,16,D,NA,NA,NA,NA
J,F_17_C,F,17,C,(YO11 x WL2) x (SQ3 x WL2),NA,7,1008
J,F_17_D,F,17,D,NA,NA,NA,NA
J,F_18_C,F,18,C,(DPR x WL2) x (TM2 x WL2),NA,11,1453
J,F_18_D,F,18,D,(LV1 x WL2) x (WL2),NA,1,64
J,F_19_C,F,19,C,NA,NA,NA,NA
K,F_19_D,F,19,D,WV x TM2,NA,24,217
K,F_20_C,F,20,C,TM2 x YO11,NA,5,1222
K,F_20_D,F,20,D,(TM2 x WL2) x (YO11 x WL2),NA,9,381
K,F_21_C,F,21,C,(WL2 x TM2) x (CC x TM2),NA,7,258
K,F_21_D,F,21,D,(DPR) x (WL2 x DPR),NA,4,730
K,F_22_C,F,22,C,WL1,NA,12,295
K,F_22_D,F,22,D,WV x TM2,NA,16,209
NA,F_23_C,F,23,C,SC,2,23,SC_2_23
K,F_23_D,F,23,D,TM2,NA,3,473
K,F_24_C,F,24,C,(WV x WL2) x (WV),NA,7,274
K,F_24_D,F,24,D,TM2 x WL2,NA,21,1297
K,F_25_C,F,25,C,(TM2 x BH) x (BH),NA,4,746
K,F_25_D,F,25,D,(LV1 x WL2) x (YO11 x WL2),NA,6,991
K,F_26_C,F,26,C,WL2,NA,27,122
K,F_26_D,F,26,D,(TM2 x WL2) x (TM2),NA,4,346
K,F_27_C,F,27,C,WV x WL2,NA,3,1405
K,F_27_D,F,27,D,(WL2) x (DPR x WL2),NA,14,908
K,F_38_D,F,38,D,(DPR x WL2) x (YO11 x WL2),NA,15,709
K,F_39_C,F,39,C,(WL2 x DPR) x (YO11 x WL2),NA,3,571
K,F_39_D,F,39,D,WL2,NA,84,179
K,F_40_C,F,40,C,(LV1 x WL2) x (WL2),NA,2,65
K,F_40_D,F,40,D,TM2,NA,84,554
K,F_41_C,F,41,C,(WL1 x TM2) x (WL2 x TM2),NA,9,329
K,F_41_D,F,41,D,(TM2 x WL2) x (SQ3 x WL2),NA,10,314
K,F_42_C,F,42,C,WL2,NA,52,147
K,F_42_D,F,42,D,(YO11 x WL2) x (WL2),NA,1,927
NA,F_43_C,F,43,C,CC,9,11,CC_9_11
K,F_43_D,F,43,D,SQ3 x WL2,NA,16,652
NA,F_44_C,F,44,C,IH,4,11,IH_4_11
K,F_44_D,F,44,D,NA,NA,NA,NA
K,F_45_C,F,45,C,(DPR) x (DPR x WL2),NA,7,717
L,F_45_D,F,45,D,NA,NA,NA,buffer
L,F_46_C,F,46,C,(LV1 x WL2) x (WL2),NA,3,66
L,F_46_D,F,46,D,(DPR x WL2) x (WV x WL2),NA,4,1460
L,F_47_C,F,47,C,NA,NA,NA,buffer
L,F_47_D,F,47,D,NA,NA,NA,buffer
L,G_1_A,G,1,A,NA,NA,NA,buffer
L,G_1_B,G,1,B,NA,NA,NA,buffer
L,G_2_A,G,2,A,NA,NA,NA,buffer
L,G_2_B,G,2,B,NA,NA,NA,buffer
L,G_3_A,G,3,A,NA,NA,NA,buffer
L,G_3_B,G,3,B,NA,NA,NA,buffer
L,G_4_A,G,4,A,LV1 x TM2,NA,14,1238
L,G_4_B,G,4,B,WV,NA,7,456
L,G_5_A,G,5,A,(WV) x (WV x WL2),NA,6,1392
NA,G_5_B,G,5,B,IH,4,12,IH_4_12
L,G_6_A,G,6,A,(SQ3 x WL2) x (WL2),NA,3,82
L,G_6_B,G,6,B,LV1,NA,14,14
L,G_7_A,G,7,A,TM2,NA,67,537
L,G_7_B,G,7,B,(YO11 x WL2) x (WL2),NA,7,933
NA,G_8_A,G,8,A,YO7,6,15,YO7_6_15
L,G_8_B,G,8,B,TM2,NA,29,499
L,G_9_A,G,9,A,WL2,NA,68,163
L,G_9_B,G,9,B,(TM2 x WL2) x (SQ3 x WL2),NA,1,305
L,G_10_A,G,10,A,BH,NA,1,387
L,G_10_B,G,10,B,WL2,NA,58,153
L,G_11_A,G,11,A,(WL2 x BH) x (WL2 x TM2),NA,14,249
L,G_11_B,G,11,B,(TM2 x BH) x (BH),NA,5,747
L,G_12_A,G,12,A,(SQ3 x WL2) x (TM2 x WL2),NA,14,892
L,G_12_B,G,12,B,(DPR) x (WL2 x DPR),NA,5,731
L,G_13_A,G,13,A,BH x TM2,NA,22,606
L,G_13_B,G,13,B,(SQ3 x WL2) x (YO11 x WL2),NA,2,1501
L,G_14_A,G,14,A,(TM2 x WL2) x (WL2),NA,9,365
L,G_14_B,G,14,B,WV,NA,12,461
L,G_15_A,G,15,A,(WV x WL2) x (WV),NA,8,275
L,G_15_B,G,15,B,(LV1 x WL2) x (YO11 x WL2),NA,12,997
L,G_16_A,G,16,A,(DPR x WL2) x (TM2 x WL2),NA,3,1445
L,G_16_B,G,16,B,WL2,NA,39,134
L,G_17_A,G,17,A,buffer,NA,NA,NA
L,G_17_B,G,17,B,Buffer,NA,NA,NA
M,G_18_A,G,18,A,TM2,NA,5,475
M,G_18_B,G,18,B,WL2 x BH,NA,4,833
M,G_19_A,G,19,A,(YO11 x WL2) x (WL2 x TM2),NA,15,802
M,G_19_B,G,19,B,LV1 x WL2,NA,15,1265
M,G_20_A,G,20,A,WL2,NA,74,169
M,G_20_B,G,20,B,WV,NA,11,460
M,G_21_A,G,21,A,LV1 x TM2,NA,15,1239
M,G_21_B,G,21,B,(DPR x WL2) x (YO11 x WL2),NA,16,710
M,G_22_A,G,22,A,WV x WL2,NA,16,1418
M,G_22_B,G,22,B,(DPR x WL2) x (TM2 x WL2),NA,14,1456
M,G_23_A,G,23,A,(LV1 x WL2) x (YO11 x WL2),NA,9,994
M,G_23_B,G,23,B,TM2,NA,80,550
M,G_24_A,G,24,A,TM2 x WL2,NA,1,1277
M,G_24_B,G,24,B,TM2,NA,32,502
M,G_25_A,G,25,A,(WL1 x WL2) x (WL2 x CC),NA,2,1115
M,G_25_B,G,25,B,TM2,NA,42,512
M,G_26_A,G,26,A,TM2,NA,91,561
M,G_26_B,G,26,B,(WV x WL2) x (WV),NA,9,276
M,G_27_A,G,27,A,BH,NA,2,388
M,G_27_B,G,27,B,(TM2 x BH) x (BH),NA,6,748
M,G_28_A,G,28,A,WL2,NA,57,152
M,G_28_B,G,28,B,DPR,NA,12,440
M,G_29_A,G,29,A,(WV) x (WV x WL2),NA,7,1393
M,G_29_B,G,29,B,(DPR) x (WL2 x DPR),NA,6,732
M,G_30_A,G,30,A,WV x TM2,NA,2,195
M,G_30_B,G,30,B,NA,NA,NA,NA
NA,G_31_A,G,31,A,BH,7,13,BH_7_13
M,G_31_B,G,31,B,NA,NA,NA,NA
N,G_32_A,G,32,A,LV1 x WL2,NA,4,1254
N,G_32_B,G,32,B,YO11,NA,1,43
N,G_33_A,G,33,A,TM2,NA,86,556
N,G_33_B,G,33,B,(SQ3 x WL2) x (WL2),NA,5,84
N,G_34_A,G,34,A,WL2,NA,48,143
N,G_34_B,G,34,B,(LV1 x WL2) x (WL2),NA,5,68
N,G_35_A,G,35,A,(TM2 x BH) x (TM2),NA,8,1057
N,G_35_B,G,35,B,(SQ3 x WL2) x (TM2 x WL2),NA,2,880
N,G_36_A,G,36,A,WV,NA,1,450
N,G_36_B,G,36,B,WV x WL2,NA,8,1410
NA,G_37_A,G,37,A,YO7,7,9,YO7_7_9
N,G_37_B,G,37,B,WL2 x BH,NA,7,836
N,G_38_A,G,38,A,WL2,NA,16,111
N,G_38_B,G,38,B,(WV x WL2) x (WL2 x DPR),NA,6,1330
NA,G_39_A,G,39,A,TM2,7,17,TM2_7_17
N,G_39_B,G,39,B,WL2,NA,76,171
NA,G_40_A,G,40,A,TM2,3,7,TM2_3_7
N,G_40_B,G,40,B,TM2,NA,6,476
N,G_41_A,G,41,A,(YO11 x WL2) x (SQ3 x WL2),NA,16,1017
N,G_41_B,G,41,B,(DPR x WL2) x (YO11 x WL2),NA,12,706
N,G_42_A,G,42,A,(YO11 x WL2) x (WV x WL2),NA,3,841
N,G_42_B,G,42,B,(DPR x WL2) x (WV x WL2),NA,8,1464
NA,G_43_A,G,43,A,IH,6,13,IH_6_13
N,G_43_B,G,43,B,TM2,NA,64,534
N,G_44_A,G,44,A,NA,NA,NA,buffer
N,G_44_B,G,44,B,NA,NA,NA,buffer
N,G_45_A,G,45,A,NA,NA,NA,buffer
N,G_45_B,G,45,B,NA,NA,NA,buffer
L,G_1_C,G,1,C,NA,NA,NA,buffer
L,G_1_D,G,1,D,NA,NA,NA,buffer
L,G_2_C,G,2,C,NA,NA,NA,buffer
L,G_2_D,G,2,D,NA,NA,NA,buffer
L,G_3_C,G,3,C,NA,NA,NA,buffer
L,G_3_D,G,3,D,NA,NA,NA,buffer
L,G_4_C,G,4,C,(DPR) x (DPR x WL2),NA,11,721
L,G_4_D,G,4,D,(WL2 x DPR) x (WL2),NA,3,1100
L,G_5_C,G,5,C,(WL2 x DPR) x (YO11 x WL2),NA,2,570
NA,G_5_D,G,5,D,YO7,5,7,YO7_5_7
L,G_6_C,G,6,C,(WL2 x CC) x (WL2 x TM2),NA,3,1180
NA,G_6_D,G,6,D,IH,2,12,IH_2_12
L,G_7_C,G,7,C,TM2,NA,46,516
NA,G_7_D,G,7,D,BH,4,12,BH_4_12
L,G_8_C,G,8,C,(WL1 x WL2) x (WL2 x CC),NA,3,1116
L,G_8_D,G,8,D,TM2,NA,60,530
L,G_9_C,G,9,C,TM2,NA,4,474
L,G_9_D,G,9,D,TM2,NA,85,555
L,G_10_C,G,10,C,(TM2 x BH) x (TM2 x WL2),NA,6,1039
L,G_10_D,G,10,D,WV x TM2,NA,17,210
L,G_11_C,G,11,C,(LV1 x WL2) x (WL2 x DPR),NA,15,970
L,G_11_D,G,11,D,SQ3,NA,12,33
L,G_12_C,G,12,C,WV x TM2,NA,1,194
NA,G_12_D,G,12,D,CC,5,12,CC_5_12
L,G_13_C,G,13,C,WL2,NA,89,184
L,G_13_D,G,13,D,(WL2 x TM2) x (CC x TM2),NA,8,259
L,G_14_C,G,14,C,WL2,NA,14,109
L,G_14_D,G,14,D,WL2,NA,25,120
L,G_15_C,G,15,C,(WL2 x BH) x (SQ3 x WL2),NA,5,1166
L,G_15_D,G,15,D,SQ3 x WL2,NA,8,644
L,G_16_C,G,16,C,Buffer,NA,NA,NA
L,G_16_D,G,16,D,Buffer,NA,NA,NA
M,G_17_C,G,17,C,(WL1 x WL2) x (WL2 x TM2),NA,7,1152
M,G_17_D,G,17,D,(SQ3 x WL2) x (WL2),NA,4,83
M,G_18_C,G,18,C,CC x TM2,NA,11,1361
M,G_18_D,G,18,D,TM2,NA,63,533
M,G_19_C,G,19,C,(WL2) x (WV x WL2),NA,7,765
M,G_19_D,G,19,D,(LV1 x WL2) x (WL2),NA,4,67
M,G_20_C,G,20,C,WL2,NA,26,121
M,G_20_D,G,20,D,(SQ3 x WL2) x (TM2 x WL2),NA,13,891
M,G_21_C,G,21,C,WL2,NA,98,193
M,G_21_D,G,21,D,(WL2) x (TM2 x WL2),NA,16,926
M,G_22_C,G,22,C,(WL2 x CC) x (WL2 x TM2),NA,4,1181
M,G_24_C,G,24,C,(TM2 x BH) x (TM2 x BH),NA,9,1343
M,G_24_D,G,24,D,(WL2 x TM2) x (CC x TM2),NA,9,260
M,G_25_C,G,25,C,WL2,NA,15,110
M,G_25_D,G,25,D,(DPR) x (DPR x WL2),NA,9,719
M,G_26_C,G,26,C,(WL2 x DPR) x (DPR),NA,2,1195
M,G_26_D,G,26,D,WL2,NA,37,132
NA,G_27_C,G,27,C,YO7,6,9,YO7_6_9
M,G_27_D,G,27,D,(TM2 x WL2) x (SQ3 x WL2),NA,9,313
M,G_28_C,G,28,C,(WL2 x DPR) x (WL2),NA,14,1111
M,G_28_D,G,28,D,LV1,NA,15,15
M,G_29_C,G,29,C,(TM2 x BH) x (TM2 x WL2),NA,8,1041
M,G_29_D,G,29,D,WV x TM2,NA,26,219
M,G_30_C,G,30,C,NA,NA,NA,NA
M,G_30_D,G,30,D,NA,NA,NA,NA
NA,G_31_C,G,31,C,TM2,7,5,TM2_7_5
N,G_31_D,G,31,D,(WL2 x BH) x (SQ3 x WL2),NA,13,1174
N,G_32_C,G,32,C,(WL2) x (DPR x WL2),NA,7,901
NA,G_32_D,G,32,D,WL2,7,6,WL2_7_6
N,G_33_C,G,33,C,(TM2 x WL2) x (TM2 x WL2),NA,9,1090
N,G_33_D,G,33,D,(WV x WL2) x (WV),NA,10,277
N,G_34_C,G,34,C,(WL2 x BH) x (WL2 x TM2),NA,3,238
N,G_34_D,G,34,D,WV x TM2,NA,4,196
N,G_35_C,G,35,C,(WV) x (WV x WL2),NA,8,1394
N,G_35_D,G,35,D,WL1,NA,17,300
N,G_36_C,G,36,C,LV1 x TM2,NA,16,1240
N,G_36_D,G,36,D,(DPR) x (WL2 x DPR),NA,7,733
N,G_37_C,G,37,C,(WL1 x WL2) x (WL2 x CC),NA,9,1122
N,G_37_D,G,37,D,(WL2 x TM2) x (CC x TM2),NA,10,261
N,G_38_C,G,38,C,WL2,NA,28,123
N,G_38_D,G,38,D,(DPR x WL2) x (TM2 x WL2),NA,5,1447
N,G_39_C,G,39,C,DPR,NA,5,433
N,G_39_D,G,39,D,BH,NA,3,389
NA,G_40_C,G,40,C,BH,2,13,BH_2_13
N,G_40_D,G,40,D,TM2,NA,71,541
N,G_41_C,G,41,C,(YO11 x WL2) x (WL2),NA,12,938
N,G_41_D,G,41,D,(WL2 x DPR) x (DPR),NA,4,1197
NA,G_42_C,G,42,C,SC,2,27,SC_2_27
N,G_42_D,G,42,D,NA,NA,NA,NA
N,G_43_C,G,43,C,TM2,NA,44,514
N,G_43_D,G,43,D,LV1,NA,19,19
N,G_44_C,G,44,C,NA,NA,NA,buffer
N,G_44_D,G,44,D,(WL1 x WL2) x (BH x WL2),NA,8,339
N,G_45_C,G,45,C,NA,NA,NA,buffer
N,G_45_D,G,45,D,NA,NA,NA,buffer
N,H_1_A,H,1,A,NA,NA,NA,buffer
N,H_1_B,H,1,B,NA,NA,NA,buffer
N,H_2_A,H,2,A,NA,NA,NA,buffer
N,H_2_B,H,2,B,NA,NA,NA,buffer
N,H_3_A,H,3,A,NA,NA,NA,buffer
N,H_3_B,H,3,B,NA,NA,NA,buffer
N,H_4_A,H,4,A,(SQ3 x WL2) x (YO11 x WL2),NA,1,1500
N,H_4_B,H,4,B,LV1,NA,16,16
NA,H_5_A,H,5,A,SC,4,1,SC_4_1
N,H_5_B,H,5,B,SQ3,NA,7,28
N,H_6_A,H,6,A,TM2,NA,27,497
NA,H_6_B,H,6,B,SC,2,26,SC_2_26
N,H_7_A,H,7,A,(DPR) x (DPR x WL2),NA,13,723
N,H_8_A,H,8,A,WL2,NA,60,155
N,H_8_B,H,8,B,(TM2 x WL2) x (WL2),NA,6,362
N,H_9_B,H,9,B,NA,NA,NA,NA
O,H_10_B,H,10,B,TM2,NA,53,523
NA,H_11_B,H,11,B,IH,2,1,IH_2_1
NA,H_12_B,H,12,B,SC,2,1,SC_2_1
NA,H_13_A,H,13,A,TM2,2,6,TM2_2_6
O,H_13_B,H,13,B,WL2,NA,71,166
O,H_15_B,H,15,B,LV1 x WL2,NA,13,1263
O,H_17_A,H,17,A,TM2,NA,87,557
O,H_17_B,H,17,B,(WL1 x TM2) x (WL2 x TM2),NA,7,327
O,H_18_A,H,18,A,(TM2) x (TM2 x BH),NA,3,1132
O,H_18_B,H,18,B,BH,NA,20,406
O,H_19_A,H,19,A,(WL1 x WL2) x (WL2 x TM2),NA,4,1149
O,H_19_B,H,19,B,(WL2 x DPR) x (TM2 x WL2),NA,4,1317
O,H_20_A,H,20,A,TM2,NA,31,501
O,H_20_B,H,20,B,(WL1 x WL2) x (BH x WL2),NA,11,342
O,H_21_A,H,21,A,(TM2 x WL2) x (TM2),NA,1,343
NA,H_21_B,H,21,B,TM2,1,12,TM2_1_12
O,H_22_A,H,22,A,TM2,NA,66,536
O,H_22_B,H,22,B,(TM2) x (TM2 x WL2),NA,15,234
O,H_23_A,H,23,A,(TM2 x WL2) x (WL2),NA,4,360
O,H_23_B,H,23,B,(DPR) x (WL2 x DPR),NA,8,734
O,H_24_A,H,24,A,(TM2 x WL2) x (TM2 x BH),NA,11,1076
O,H_24_B,H,24,B,SQ3,NA,3,24
O,H_25_A,H,25,A,(WL2 x TM2) x (WL2),NA,2,1323
NA,H_25_B,H,25,B,SC,4,14,SC_4_14
O,H_26_A,H,26,A,(LV1 x WL2) x (LV1 x WL2),NA,3,1020
O,H_26_B,H,26,B,(WV x WL2) x (WV),NA,11,278
NA,H_27_A,H,27,A,TM2,6,10,TM2_6_10
O,H_27_B,H,27,B,(LV1 x WL2) x (WL2 x DPR),NA,11,966
O,H_28_A,H,28,A,(YO11 x WL2) x (WL2),NA,9,935
O,H_28_B,H,28,B,TM2,NA,7,477
O,H_29_A,H,29,A,TM2,NA,36,506
O,H_29_B,H,29,B,NA,NA,NA,NA
O,H_30_A,H,30,A,NA,NA,NA,NA
P,H_30_B,H,30,B,BH x TM2,NA,3,587
NA,H_31_A,H,31,A,YO7,4,11,YO7_4_11
P,H_31_B,H,31,B,(WL1 x WL2) x (WL2 x TM2),NA,6,1151
P,H_32_A,H,32,A,(LV1 x WL2) x (WL2),NA,7,70
P,H_32_B,H,32,B,TM2,NA,23,493
P,H_33_A,H,33,A,NA,NA,NA,buffer
P,H_33_B,H,33,B,NA,NA,NA,buffer
NA,H_34_A,H,34,A,WL2,2,7,WL2_2_7
P,H_34_B,H,34,B,NA,NA,NA,buffer
N,H_1_C,H,1,C,NA,NA,NA,buffer
N,H_1_D,H,1,D,NA,NA,NA,buffer
N,H_2_C,H,2,C,NA,NA,NA,buffer
N,H_2_D,H,2,D,NA,NA,NA,buffer
N,H_3_C,H,3,C,YO7,7,15,YO7_7_15
N,H_3_D,H,3,D,NA,NA,NA,buffer
N,H_4_D,H,4,D,(TM2 x WL2) x (WV x WL2),NA,1,1303
N,H_5_D,H,5,D,(TM2 x BH) x (BH),NA,7,749
N,H_6_C,H,6,C,WL2,NA,82,177
N,H_6_D,H,6,D,(TM2 x BH) x (TM2 x BH),NA,6,1340
N,H_7_D,H,7,D,(TM2 x BH) x (TM2 x WL2),NA,7,1040
N,H_8_C,H,8,C,NA,NA,NA,NA
N,H_8_D,H,8,D,NA,NA,NA,NA
N,H_9_C,H,9,C,NA,NA,NA,NA
O,H_9_D,H,9,D,WV x TM2,NA,5,197
O,H_10_C,H,10,C,LV1 x TM2,NA,1,1225
O,H_10_D,H,10,D,(WL2) x (WV x WL2),NA,8,766
NA,H_11_C,H,11,C,IH,4,1,IH_4_1
NA,H_12_C,H,12,C,YO7,4,1,YO7_4_1
O,H_13_C,H,13,C,WL2,NA,1,96
O,H_14_D,H,14,D,WV,NA,14,463
O,H_15_C,H,15,C,LV1 x TM2,NA,22,1246
O,H_15_D,H,15,D,(DPR) x (DPR x WL2),NA,6,716
O,H_16_D,H,16,D,TM2 x WL2,NA,2,1278
O,H_17_D,H,17,D,(TM2 x BH) x (BH),NA,8,750
O,H_18_C,H,18,C,(LV1 x WL2) x (WL2),NA,6,69
O,H_18_D,H,18,D,(WL2 x DPR) x (WL2),NA,2,1099
O,H_19_C,H,19,C,(SQ3 x WL2) x (WL2),NA,6,85
O,H_19_D,H,19,D,BH x WL2,NA,1,611
O,H_20_C,H,20,C,(WL2) x (DPR x WL2),NA,9,903
O,H_20_D,H,20,D,(WL1 x WL2) x (WL2 x CC),NA,15,1128
O,H_21_C,H,21,C,TM2,NA,97,567
O,H_21_D,H,21,D,WL2 x BH,NA,9,838
O,H_22_C,H,22,C,(SQ3 x WL2) x (TM2 x WL2),NA,15,893
O,H_22_D,H,22,D,WL2,NA,17,112
O,H_23_C,H,23,C,(TM2 x WL2) x (SQ3 x WL2),NA,16,320
O,H_23_D,H,23,D,WL2,NA,42,137
O,H_24_C,H,24,C,WL2,NA,64,159
NA,H_24_D,H,24,D,SC,6,13,SC 6 13
O,H_25_C,H,25,C,WL2,NA,97,192
O,H_25_D,H,25,D,WL1,NA,9,292
O,H_26_C,H,26,C,WV x TM2,NA,18,211
O,H_26_D,H,26,D,(WL2 x CC) x (WL2 x TM2),NA,6,1183
O,H_27_C,H,27,C,BH,NA,4,390
O,H_27_D,H,27,D,(WV) x (WV x WL2),NA,9,1395
O,H_28_C,H,28,C,(WL2 x TM2) x (CC x TM2),NA,11,262
O,H_28_D,H,28,D,(TM2 x BH) x (TM2 x BH),NA,3,1337
O,H_29_C,H,29,C,NA,NA,NA,NA
O,H_29_D,H,29,D,NA,NA,NA,NA
P,H_30_C,H,30,C,TM2,NA,8,478
P,H_30_D,H,30,D,(WL2 x TM2) x (CC x TM2),NA,12,263
NA,H_31_C,H,31,C,IH,5,13,IH_5_13
P,H_31_D,H,31,D,WL2,NA,61,156
P,H_32_C,H,32,C,(YO11 x WL2) x (DPR x WL2),NA,1,773
P,H_32_D,H,32,D,(WL2 x BH) x (SQ3 x WL2),NA,7,1168
P,H_33_C,H,33,C,NA,NA,NA,buffer
P,H_33_D,H,33,D,NA,NA,NA,buffer
P,H_34_C,H,34,C,NA,NA,NA,buffer
P,H_34_D,H,34,D,NA,NA,NA,buffer
P,I_1_A,I,1,A,NA,NA,NA,buffer
P,I_1_B,I,1,B,NA,NA,NA,buffer
P,I_2_A,I,2,A,NA,NA,NA,buffer
P,I_2_B,I,2,B,NA,NA,NA,buffer
P,I_3_B,I,3,B,(LV1 x WL2) x (YO11 x WL2),NA,15,1000
P,I_4_A,I,4,A,LV1 x TM2,NA,2,1226
P,I_4_B,I,4,B,(WL2) x (DPR x WL2),NA,4,898
P,I_5_A,I,5,A,(TM2 x BH) x (TM2 x BH),NA,7,1341
P,I_5_B,I,5,B,(YO11 x WL2) x (WL2 x TM2),NA,10,797
P,I_6_A,I,6,A,(TM2 x BH) x (BH),NA,9,751
P,I_6_B,I,6,B,(SQ3 x WL2) x (WL2),NA,7,86
P,I_7_A,I,7,A,TM2,NA,74,544
P,I_7_B,I,7,B,(WL1 x WL2) x (WL2 x CC),NA,12,1125
P,I_8_A,I,8,A,WL2,NA,96,191
P,I_8_B,I,8,B,TM2,NA,38,508
P,I_9_A,I,9,A,(DPR x WL2) x (TM2 x WL2),NA,12,1454
P,I_9_B,I,9,B,BH,NA,5,391
P,I_10_A,I,10,A,LV1 x WL2,NA,22,1272
P,I_10_B,I,10,B,WL2,NA,29,124
P,I_11_A,I,11,A,LV1 x TM2,NA,26,1250
P,I_11_B,I,11,B,(WL2 x CC) x (WL2 x TM2),NA,7,1184
NA,I_12_A,I,12,A,IH,1,1,IH_1_1
P,I_12_B,I,12,B,(TM2 x WL2) x (SQ3 x WL2),NA,3,307
P,I_13_A,I,13,A,TM2,NA,54,524
P,I_13_B,I,13,B,(SQ3 x WL2) x (LV1 x WL2),NA,15,863
P,I_14_A,I,14,A,(LV1 x WL2) x (TM2 x WL2),NA,12,954
P,I_14_B,I,14,B,(DPR x WL2) x (SQ3 x WL2),NA,8,686
P,I_15_A,I,15,A,NA,NA,NA,NA
P,I_15_B,I,15,B,NA,NA,NA,NA
NA,I_16_A,I,16,A,NA,NA,NA,NA
NA,I_16_B,I,16,B,BH,2,1,BH_2_1
NA,I_17_A,I,17,A,NA,NA,NA,NA
NA,I_17_B,I,17,B,NA,NA,NA,NA
NA,I_18_A,I,18,A,BH,1,1,BH_1_1
NA,I_18_B,I,18,B,NA,NA,NA,NA
NA,I_19_A,I,19,A,NA,NA,NA,NA
NA,I_19_B,I,19,B,NA,NA,NA,NA
NA,I_20_A,I,20,A,NA,NA,NA,NA
NA,I_20_B,I,20,B,NA,NA,NA,NA
NA,I_21_A,I,21,A,NA,NA,NA,NA
NA,I_21_B,I,21,B,NA,NA,NA,NA
NA,I_22_A,I,22,A,NA,NA,NA,NA
NA,I_22_B,I,22,B,NA,NA,NA,NA
NA,I_23_A,I,23,A,NA,NA,NA,buffer
NA,I_23_B,I,23,B,NA,NA,NA,buffer
NA,I_24_A,I,24,A,NA,NA,NA,buffer
NA,I_24_B,I,24,B,NA,NA,NA,buffer
P,I_1_C,I,1,C,NA,NA,NA,buffer
P,I_1_D,I,1,D,NA,NA,NA,buffer
P,I_2_C,I,2,C,NA,NA,NA,buffer
P,I_2_D,I,2,D,NA,NA,NA,buffer
P,I_3_C,I,3,C,(WV x WL2) x (WV),NA,12,279
NA,I_3_D,I,3,D,BH,4,1,BH_4_1
P,I_4_D,I,4,D,WL2,NA,69,164
P,I_5_C,I,5,C,(TM2 x WL2) x (WL2),NA,14,370
P,I_6_C,I,6,C,WL2,NA,2,97
P,I_6_D,I,6,D,(WL1 x WL2) x (BH x WL2),NA,4,335
P,I_7_C,I,7,C,(DPR) x (WL2 x DPR),NA,9,735
P,I_7_D,I,7,D,WV x TM2,NA,6,198
P,I_8_C,I,8,C,BH,NA,19,405
P,I_8_D,I,8,D,WL2,NA,44,139
P,I_9_C,I,9,C,TM2,NA,81,551
P,I_9_D,I,9,D,(WV) x (WV x WL2),NA,10,1396
P,I_10_C,I,10,C,DPR x WL2,NA,1,1210
P,I_10_D,I,10,D,DPR,NA,15,443
P,I_11_C,I,11,C,(WL2 x DPR) x (TM2 x WL2),NA,5,1318
P,I_11_D,I,11,D,WL1,NA,11,294
P,I_12_C,I,12,C,WV,NA,10,459
P,I_12_D,I,12,D,(DPR x WL2) x (YO11 x WL2),NA,14,708
P,I_13_C,I,13,C,TM2 x WL2,NA,12,1288
P,I_13_D,I,13,D,(TM2 x BH) x (TM2 x WL2),NA,2,1035
P,I_14_C,I,14,C,NA,NA,NA,NA
P,I_14_D,I,14,D,NA,NA,NA,NA
NA,I_15_C,I,15,C,NA,NA,NA,NA
NA,I_15_D,I,15,D,NA,NA,NA,NA
NA,I_16_C,I,16,C,NA,NA,NA,NA
NA,I_16_D,I,16,D,NA,NA,NA,NA
NA,I_17_C,I,17,C,NA,NA,NA,NA
NA,I_17_D,I,17,D,NA,NA,NA,NA
NA,I_18_C,I,18,C,NA,NA,NA,NA
NA,I_18_D,I,18,D,NA,NA,NA,NA
NA,I_19_C,I,19,C,NA,NA,NA,NA
NA,I_19_D,I,19,D,NA,NA,NA,NA
NA,I_20_C,I,20,C,NA,NA,NA,NA
NA,I_20_D,I,20,D,NA,NA,NA,NA
NA,I_21_C,I,21,C,NA,NA,NA,NA
NA,I_21_D,I,21,D,NA,NA,NA,NA
NA,I_22_C,I,22,C,NA,NA,NA,NA
NA,I_22_D,I,22,D,NA,NA,NA,NA
NA,I_23_C,I,23,C,NA,NA,NA,buffer
NA,I_23_D,I,23,D,NA,NA,NA,buffer
NA,I_24_C,I,24,C,NA,NA,NA,buffer
NA,I_24_D,I,24,D,NA,NA,NA,buffer
NA,J_4_A,J,4,A,YO7,3,8,YO7_3_8
NA,J_5_A,J,5,A,TM2,2,11,TM2_2_11
NA,J_8_A,J,8,A,BH,5,2,BH_5_2
NA,J_10_A,J,10,A,BH,4,2,BH_4_2
NA,J_15_A,J,15,A,YO7,7,11,YO7_7_11
NA,J_17_B,J,17,B,TM2,5,12,TM2_5_12
NA,J_18_B,J,18,B,SC,8,2,SC 8_2
NA,J_4_D,J,4,D,TM2,7,7,TM2_7_7
NA,J_11_D,J,11,D,IH,5,2,IH_5_2
NA,J_13_C,J,13,C,BH,6,2,BH_6_2
NA,J_17_D,J,17,D,LV1,8,1,LV1_8_1
NA,K_2_B,K,2,B,IH,4,14,IH_4_14
NA,K_4_B,K,4,B,IH,6,2,IH_6_2
NA,K_10_A,K,10,A,YO7,1,2,YO7_1_2
NA,K_13_A,K,13,A,CC,1,2,CC_1_2
NA,K_2_C,K,2,C,YO7,5,13,YO7_5_13
NA,K_7_C,K,7,C,SC,6,2,SC_6_2
NA,K_8_C,K,8,C,IH,1,2,IH_1_2
NA,K_12_D,K,12,D,TM2,6,12,TM2_6_12